-- Automated Billing System Schema & Seed Data
CREATE DATABASE IF NOT EXISTS billing_db;
USE billing_db;

-- Drop tables if they exist to avoid conflicts
DROP TABLE IF EXISTS order_items;
DROP TABLE IF EXISTS orders;
DROP TABLE IF EXISTS products;
DROP TABLE IF EXISTS categories;
DROP TABLE IF EXISTS customers;
DROP TABLE IF EXISTS notifications;

-- Categories Table
CREATE TABLE categories (
    id INT AUTO_INCREMENT PRIMARY KEY,
    name VARCHAR(100) NOT NULL UNIQUE,
    description VARCHAR(255),
    created_at TIMESTAMP DEFAULT CURRENT_TIMESTAMP
);

-- Products Table
CREATE TABLE products (
    id INT AUTO_INCREMENT PRIMARY KEY,
    name VARCHAR(150) NOT NULL,
    category_id INT,
    price DECIMAL(10,2) NOT NULL,
    stock_quantity INT NOT NULL,
    min_stock_level INT NOT NULL,
    created_at TIMESTAMP DEFAULT CURRENT_TIMESTAMP,
    FOREIGN KEY (category_id) REFERENCES categories(id) ON DELETE SET NULL
);

-- Customers Table
CREATE TABLE customers (
    id INT AUTO_INCREMENT PRIMARY KEY,
    name VARCHAR(150) NOT NULL,
    phone VARCHAR(20),
    email VARCHAR(100),
    address VARCHAR(255),
    total_purchases DECIMAL(12,2) DEFAULT 0.00,
    created_at TIMESTAMP DEFAULT CURRENT_TIMESTAMP
);

-- Orders Table
CREATE TABLE orders (
    id INT AUTO_INCREMENT PRIMARY KEY,
    invoice_number VARCHAR(50) NOT NULL UNIQUE,
    customer_id INT,
    order_date DATETIME NOT NULL,
    total_amount DECIMAL(10,2) NOT NULL,
    payment_method VARCHAR(50) NOT NULL,
    status VARCHAR(20) NOT NULL,
    FOREIGN KEY (customer_id) REFERENCES customers(id) ON DELETE SET NULL
);

-- Order Items Table
CREATE TABLE order_items (
    id INT AUTO_INCREMENT PRIMARY KEY,
    order_id INT,
    product_id INT,
    quantity INT NOT NULL,
    unit_price DECIMAL(10,2) NOT NULL,
    total_price DECIMAL(10,2) NOT NULL,
    FOREIGN KEY (order_id) REFERENCES orders(id) ON DELETE CASCADE,
    FOREIGN KEY (product_id) REFERENCES products(id) ON DELETE SET NULL
);

-- Notifications Table
CREATE TABLE notifications (
    id INT AUTO_INCREMENT PRIMARY KEY,
    type VARCHAR(50) NOT NULL,
    message VARCHAR(255) NOT NULL,
    is_read TINYINT(1) DEFAULT 0,
    created_at TIMESTAMP DEFAULT CURRENT_TIMESTAMP
);

-- Insert Categories
INSERT INTO categories (name, description) VALUES ('Electronics', 'Gadgets, appliances, and accessories');
INSERT INTO categories (name, description) VALUES ('Groceries', 'Daily essentials, fresh food, and households');
INSERT INTO categories (name, description) VALUES ('Pharmacy', 'Medicines, supplements, and wellness');
INSERT INTO categories (name, description) VALUES ('Clothing', 'Apparel, footwear, and accessories');
INSERT INTO categories (name, description) VALUES ('Stationery', 'Books, notebooks, and writing materials');

-- Insert Products (Exactly 100)
INSERT INTO products (id, name, category_id, price, stock_quantity, min_stock_level) VALUES (1, 'Dell XPS 15 Laptop', 1, 1237.08, 85, 16);
INSERT INTO products (id, name, category_id, price, stock_quantity, min_stock_level) VALUES (2, 'iPhone 15 Pro', 1, 1056.94, 52, 17);
INSERT INTO products (id, name, category_id, price, stock_quantity, min_stock_level) VALUES (3, 'Samsung Galaxy S24 Ultra', 1, 1282.35, 38, 15);
INSERT INTO products (id, name, category_id, price, stock_quantity, min_stock_level) VALUES (4, 'Sony WH-1000XM5 Headphones', 1, 354.97, 66, 6);
INSERT INTO products (id, name, category_id, price, stock_quantity, min_stock_level) VALUES (5, 'Logitech MX Keys Keyboard', 1, 115.33, 31, 13);
INSERT INTO products (id, name, category_id, price, stock_quantity, min_stock_level) VALUES (6, 'Logitech MX Master 3S Mouse', 1, 89.63, 7, 16);
INSERT INTO products (id, name, category_id, price, stock_quantity, min_stock_level) VALUES (7, 'iPad Pro 11"', 1, 954.69, 89, 12);
INSERT INTO products (id, name, category_id, price, stock_quantity, min_stock_level) VALUES (8, 'Anker USB-C Fast Charger 65W', 1, 48.86, 11, 18);
INSERT INTO products (id, name, category_id, price, stock_quantity, min_stock_level) VALUES (9, 'JBL Flip 6 Bluetooth Speaker', 1, 115.77, 31, 15);
INSERT INTO products (id, name, category_id, price, stock_quantity, min_stock_level) VALUES (10, 'LG 27" UltraGear Monitor', 1, 372.13, 81, 14);
INSERT INTO products (id, name, category_id, price, stock_quantity, min_stock_level) VALUES (11, 'Seagate 2TB External HDD', 1, 59.77, 91, 12);
INSERT INTO products (id, name, category_id, price, stock_quantity, min_stock_level) VALUES (12, 'Apple Watch Series 9', 1, 441.27, 5, 19);
INSERT INTO products (id, name, category_id, price, stock_quantity, min_stock_level) VALUES (13, 'SanDisk 128GB USB Flash Drive', 1, 23.90, 37, 10);
INSERT INTO products (id, name, category_id, price, stock_quantity, min_stock_level) VALUES (14, 'GoPro HERO12 Black', 1, 350.70, 31, 11);
INSERT INTO products (id, name, category_id, price, stock_quantity, min_stock_level) VALUES (15, 'TP-Link WiFi 6 Router', 1, 92.36, 28, 9);
INSERT INTO products (id, name, category_id, price, stock_quantity, min_stock_level) VALUES (16, 'Kindle Paperwhite', 1, 152.69, 32, 10);
INSERT INTO products (id, name, category_id, price, stock_quantity, min_stock_level) VALUES (17, 'HP LaserJet Pro Printer', 1, 221.87, 45, 18);
INSERT INTO products (id, name, category_id, price, stock_quantity, min_stock_level) VALUES (18, 'Bose SoundLink Flex', 1, 144.11, 16, 16);
INSERT INTO products (id, name, category_id, price, stock_quantity, min_stock_level) VALUES (19, 'HyperX Cloud II Gaming Headset', 1, 85.96, 51, 14);
INSERT INTO products (id, name, category_id, price, stock_quantity, min_stock_level) VALUES (20, 'Razer DeathAdder Mouse', 1, 62.79, 28, 13);
INSERT INTO products (id, name, category_id, price, stock_quantity, min_stock_level) VALUES (21, 'Organic Almond Milk 1L', 2, 5.17, 35, 16);
INSERT INTO products (id, name, category_id, price, stock_quantity, min_stock_level) VALUES (22, 'Brown Bread Whole Wheat', 2, 3.12, 2, 12);
INSERT INTO products (id, name, category_id, price, stock_quantity, min_stock_level) VALUES (23, 'Free Range Eggs 12pk', 2, 5.60, 34, 11);
INSERT INTO products (id, name, category_id, price, stock_quantity, min_stock_level) VALUES (24, 'Salted Butter 250g', 2, 4.21, 54, 14);
INSERT INTO products (id, name, category_id, price, stock_quantity, min_stock_level) VALUES (25, 'Basmati Rice 5kg', 2, 12.10, 88, 18);
INSERT INTO products (id, name, category_id, price, stock_quantity, min_stock_level) VALUES (26, 'Extra Virgin Olive Oil 500ml', 2, 13.81, 62, 14);
INSERT INTO products (id, name, category_id, price, stock_quantity, min_stock_level) VALUES (27, 'Premium Ground Coffee 500g', 2, 10.78, 68, 18);
INSERT INTO products (id, name, category_id, price, stock_quantity, min_stock_level) VALUES (28, 'Green Tea 50 Tea Bags', 2, 4.62, 10, 13);
INSERT INTO products (id, name, category_id, price, stock_quantity, min_stock_level) VALUES (29, 'Organic Honey 500g', 2, 8.18, 12, 10);
INSERT INTO products (id, name, category_id, price, stock_quantity, min_stock_level) VALUES (30, 'Oatmeal Porridge 1kg', 2, 4.44, 61, 14);
INSERT INTO products (id, name, category_id, price, stock_quantity, min_stock_level) VALUES (31, 'Pasta Spaghetti 500g', 2, 2.39, 21, 8);
INSERT INTO products (id, name, category_id, price, stock_quantity, min_stock_level) VALUES (32, 'Tomato Ketchup 500g', 2, 3.74, 15, 6);
INSERT INTO products (id, name, category_id, price, stock_quantity, min_stock_level) VALUES (33, 'Dark Chocolate Bar 100g', 2, 3.59, 93, 15);
INSERT INTO products (id, name, category_id, price, stock_quantity, min_stock_level) VALUES (34, 'Mixed Nuts Bag 400g', 2, 10.97, 85, 10);
INSERT INTO products (id, name, category_id, price, stock_quantity, min_stock_level) VALUES (35, 'All Purpose Flour 2kg', 2, 3.76, 4, 9);
INSERT INTO products (id, name, category_id, price, stock_quantity, min_stock_level) VALUES (36, 'Refined Sugar 1kg', 2, 1.96, 62, 12);
INSERT INTO products (id, name, category_id, price, stock_quantity, min_stock_level) VALUES (37, 'Peanut Butter 340g', 2, 4.72, 1, 16);
INSERT INTO products (id, name, category_id, price, stock_quantity, min_stock_level) VALUES (38, 'Corn Flakes Cereal 500g', 2, 3.47, 27, 5);
INSERT INTO products (id, name, category_id, price, stock_quantity, min_stock_level) VALUES (39, 'Canned Tuna 3pk', 2, 6.57, 60, 19);
INSERT INTO products (id, name, category_id, price, stock_quantity, min_stock_level) VALUES (40, 'Dishwasher Pods 30pk', 2, 11.90, 85, 16);
INSERT INTO products (id, name, category_id, price, stock_quantity, min_stock_level) VALUES (41, 'Paracetamol 500mg (100 tabs)', 3, 5.73, 68, 16);
INSERT INTO products (id, name, category_id, price, stock_quantity, min_stock_level) VALUES (42, 'Ibuprofen 200mg (50 tabs)', 3, 9.09, 19, 6);
INSERT INTO products (id, name, category_id, price, stock_quantity, min_stock_level) VALUES (43, 'Vitamin C 1000mg (60 chewables)', 3, 13.62, 87, 17);
INSERT INTO products (id, name, category_id, price, stock_quantity, min_stock_level) VALUES (44, 'Multivitamins for Adults (90 count)', 3, 27.84, 20, 7);
INSERT INTO products (id, name, category_id, price, stock_quantity, min_stock_level) VALUES (45, 'Non-Drowsy Allergy Relief (30 tabs)', 3, 16.11, 88, 18);
INSERT INTO products (id, name, category_id, price, stock_quantity, min_stock_level) VALUES (46, 'Cough & Cold Syrup 200ml', 3, 9.28, 84, 19);
INSERT INTO products (id, name, category_id, price, stock_quantity, min_stock_level) VALUES (47, 'Antiseptic Bandages (50 assorted)', 3, 5.55, 23, 11);
INSERT INTO products (id, name, category_id, price, stock_quantity, min_stock_level) VALUES (48, 'Hand Sanitizer Gel 500ml', 3, 4.41, 21, 15);
INSERT INTO products (id, name, category_id, price, stock_quantity, min_stock_level) VALUES (49, 'Digital Medical Thermometer', 3, 15.49, 44, 12);
INSERT INTO products (id, name, category_id, price, stock_quantity, min_stock_level) VALUES (50, 'Medical Face Masks (50 count)', 3, 13.55, 67, 9);
INSERT INTO products (id, name, category_id, price, stock_quantity, min_stock_level) VALUES (51, 'Antacid Liquid 350ml', 3, 9.13, 94, 17);
INSERT INTO products (id, name, category_id, price, stock_quantity, min_stock_level) VALUES (52, 'Fish Oil Omega-3 (120 softgels)', 3, 16.19, 83, 12);
INSERT INTO products (id, name, category_id, price, stock_quantity, min_stock_level) VALUES (53, 'Nasal Decongestant Spray 15ml', 3, 8.31, 10, 6);
INSERT INTO products (id, name, category_id, price, stock_quantity, min_stock_level) VALUES (54, 'Pain Relief Cream 100g', 3, 12.45, 68, 12);
INSERT INTO products (id, name, category_id, price, stock_quantity, min_stock_level) VALUES (55, 'Eye Drops Soothing 15ml', 3, 11.15, 71, 18);
INSERT INTO products (id, name, category_id, price, stock_quantity, min_stock_level) VALUES (56, 'Calcium + Vitamin D3 (100 tabs)', 3, 11.96, 1, 11);
INSERT INTO products (id, name, category_id, price, stock_quantity, min_stock_level) VALUES (57, 'First Aid Kit Pocket Size', 3, 17.93, 27, 10);
INSERT INTO products (id, name, category_id, price, stock_quantity, min_stock_level) VALUES (58, 'Moisturizing Sunscreen SPF 50', 3, 22.88, 27, 10);
INSERT INTO products (id, name, category_id, price, stock_quantity, min_stock_level) VALUES (59, 'Electrolyte Hydration Powder (10pk)', 3, 9.62, 18, 12);
INSERT INTO products (id, name, category_id, price, stock_quantity, min_stock_level) VALUES (60, 'Throat Lozenges Honey Lemon (24pk)', 3, 4.88, 71, 16);
INSERT INTO products (id, name, category_id, price, stock_quantity, min_stock_level) VALUES (61, 'Men Crewneck T-Shirt Plain', 4, 17.15, 69, 17);
INSERT INTO products (id, name, category_id, price, stock_quantity, min_stock_level) VALUES (62, 'Women Skinny Fit Jeans', 4, 43.69, 73, 6);
INSERT INTO products (id, name, category_id, price, stock_quantity, min_stock_level) VALUES (63, 'Men Slim Fit Denim Jeans', 4, 53.04, 78, 15);
INSERT INTO products (id, name, category_id, price, stock_quantity, min_stock_level) VALUES (64, 'Unisex Fleece Hoodie', 4, 42.33, 44, 14);
INSERT INTO products (id, name, category_id, price, stock_quantity, min_stock_level) VALUES (65, 'Running Sneakers Air Cushioned', 4, 107.39, 14, 19);
INSERT INTO products (id, name, category_id, price, stock_quantity, min_stock_level) VALUES (66, 'Water-Resistant Windbreaker Jacket', 4, 57.59, 33, 7);
INSERT INTO products (id, name, category_id, price, stock_quantity, min_stock_level) VALUES (67, 'Athletic Casual Shorts', 4, 28.41, 65, 18);
INSERT INTO products (id, name, category_id, price, stock_quantity, min_stock_level) VALUES (68, 'Leather Belt Classic Buckle', 4, 33.38, 21, 6);
INSERT INTO products (id, name, category_id, price, stock_quantity, min_stock_level) VALUES (69, 'Cotton Socks Set (5 pairs)', 4, 13.78, 80, 12);
INSERT INTO products (id, name, category_id, price, stock_quantity, min_stock_level) VALUES (70, 'Baseball Cap Adjustable', 4, 17.10, 77, 14);
INSERT INTO products (id, name, category_id, price, stock_quantity, min_stock_level) VALUES (71, 'Women Summer Maxi Dress', 4, 55.37, 14, 7);
INSERT INTO products (id, name, category_id, price, stock_quantity, min_stock_level) VALUES (72, 'Men Polo Shirt Classic', 4, 32.58, 24, 6);
INSERT INTO products (id, name, category_id, price, stock_quantity, min_stock_level) VALUES (73, 'Activewear Yoga Pants', 4, 28.56, 30, 7);
INSERT INTO products (id, name, category_id, price, stock_quantity, min_stock_level) VALUES (74, 'Knitted Woolen Sweater', 4, 79.68, 28, 19);
INSERT INTO products (id, name, category_id, price, stock_quantity, min_stock_level) VALUES (75, 'Formal Dress Shirt Slim Fit', 4, 32.60, 66, 10);
INSERT INTO products (id, name, category_id, price, stock_quantity, min_stock_level) VALUES (76, 'Canvas Slip-on Shoes', 4, 53.71, 58, 6);
INSERT INTO products (id, name, category_id, price, stock_quantity, min_stock_level) VALUES (77, 'Pajama Sleepwear Set', 4, 29.61, 47, 17);
INSERT INTO products (id, name, category_id, price, stock_quantity, min_stock_level) VALUES (78, 'Swim Shorts Quick Dry', 4, 21.86, 3, 12);
INSERT INTO products (id, name, category_id, price, stock_quantity, min_stock_level) VALUES (79, 'Winter Knitted Beanie', 4, 16.51, 7, 12);
INSERT INTO products (id, name, category_id, price, stock_quantity, min_stock_level) VALUES (80, 'Silk Necktie Formal', 4, 27.71, 32, 13);
INSERT INTO products (id, name, category_id, price, stock_quantity, min_stock_level) VALUES (81, 'A4 Copier Paper Ream (500 pages)', 5, 7.28, 53, 18);
INSERT INTO products (id, name, category_id, price, stock_quantity, min_stock_level) VALUES (82, 'Executive Hardcover Journal', 5, 10.10, 83, 14);
INSERT INTO products (id, name, category_id, price, stock_quantity, min_stock_level) VALUES (83, 'Retractable Gel Pens (12 pack)', 5, 11.04, 84, 11);
INSERT INTO products (id, name, category_id, price, stock_quantity, min_stock_level) VALUES (84, 'Wooden Pencils HB (30 pack)', 5, 5.49, 43, 5);
INSERT INTO products (id, name, category_id, price, stock_quantity, min_stock_level) VALUES (85, 'Highlighters Pastel Colors (6 pack)', 5, 6.20, 92, 16);
INSERT INTO products (id, name, category_id, price, stock_quantity, min_stock_level) VALUES (86, 'Durable D-Ring Binder 2"', 5, 6.86, 81, 16);
INSERT INTO products (id, name, category_id, price, stock_quantity, min_stock_level) VALUES (87, 'Stainless Steel Scissors 8"', 5, 6.90, 38, 10);
INSERT INTO products (id, name, category_id, price, stock_quantity, min_stock_level) VALUES (88, 'Permanent Markers Double-Ended (4 pack)', 5, 8.77, 35, 11);
INSERT INTO products (id, name, category_id, price, stock_quantity, min_stock_level) VALUES (89, 'Heavy Duty Desktop Stapler', 5, 17.82, 94, 18);
INSERT INTO products (id, name, category_id, price, stock_quantity, min_stock_level) VALUES (90, 'Staple Pins (5000 count box)', 5, 1.83, 23, 12);
INSERT INTO products (id, name, category_id, price, stock_quantity, min_stock_level) VALUES (91, 'Sticky Notes Notes 3x3 (12 pads)', 5, 12.99, 55, 6);
INSERT INTO products (id, name, category_id, price, stock_quantity, min_stock_level) VALUES (92, 'Mini Paper Clips (100 count)', 5, 2.49, 73, 11);
INSERT INTO products (id, name, category_id, price, stock_quantity, min_stock_level) VALUES (93, 'Correction Tape (4 pack)', 5, 7.45, 69, 18);
INSERT INTO products (id, name, category_id, price, stock_quantity, min_stock_level) VALUES (94, 'Drawing Sketchbook 100pgs', 5, 8.90, 45, 10);
INSERT INTO products (id, name, category_id, price, stock_quantity, min_stock_level) VALUES (95, 'Plastic Ruler 30cm', 5, 1.26, 90, 11);
INSERT INTO products (id, name, category_id, price, stock_quantity, min_stock_level) VALUES (96, 'Glue Sticks Combo (4 pack)', 5, 3.52, 79, 9);
INSERT INTO products (id, name, category_id, price, stock_quantity, min_stock_level) VALUES (97, 'Dry Erase Markers Black (12 pack)', 5, 10.75, 75, 9);
INSERT INTO products (id, name, category_id, price, stock_quantity, min_stock_level) VALUES (98, 'Calculator Scientific 240 Functions', 5, 20.96, 9, 18);
INSERT INTO products (id, name, category_id, price, stock_quantity, min_stock_level) VALUES (99, 'Desk Organizer Mesh Steel', 5, 20.06, 31, 18);
INSERT INTO products (id, name, category_id, price, stock_quantity, min_stock_level) VALUES (100, 'Notebook Spiral Bound A5 (5 pack)', 5, 9.23, 23, 6);

-- Insert Customers (Exactly 50)
INSERT INTO customers (id, name, phone, email, address, total_purchases) VALUES (1, 'Aarav Sharma', '8939240668', 'aarav.sharma@yahoo.com', '90, Cross Street, Hyderabad', 0.00);
INSERT INTO customers (id, name, phone, email, address, total_purchases) VALUES (2, 'Sanya Patel', '9444559367', 'sanya.patel@live.in', '79, Cross Street, Pune', 0.00);
INSERT INTO customers (id, name, phone, email, address, total_purchases) VALUES (3, 'Aditya Verma', '9444250444', 'aditya.verma@hotmail.com', '94, Cross Street, Bangalore', 0.00);
INSERT INTO customers (id, name, phone, email, address, total_purchases) VALUES (4, 'Diya Iyer', '9940615330', 'diya.iyer@outlook.com', '70, Cross Street, Delhi', 0.00);
INSERT INTO customers (id, name, phone, email, address, total_purchases) VALUES (5, 'Rohan Gupta', '9600593512', 'rohan.gupta@outlook.com', '3, Cross Street, Chennai', 0.00);
INSERT INTO customers (id, name, phone, email, address, total_purchases) VALUES (6, 'Ananya Rao', '9600605087', 'ananya.rao@yahoo.com', '6, Cross Street, Delhi', 0.00);
INSERT INTO customers (id, name, phone, email, address, total_purchases) VALUES (7, 'Vihaan Malhotra', '9003795936', 'vihaan.malhotra@outlook.com', '13, Cross Street, Pune', 0.00);
INSERT INTO customers (id, name, phone, email, address, total_purchases) VALUES (8, 'Ishita Joshi', '7200266220', 'ishita.joshi@live.in', '41, Cross Street, Coimbatore', 0.00);
INSERT INTO customers (id, name, phone, email, address, total_purchases) VALUES (9, 'Arjun Singhal', '9940198050', 'arjun.singhal@outlook.com', '57, Cross Street, Kolkata', 0.00);
INSERT INTO customers (id, name, phone, email, address, total_purchases) VALUES (10, 'Meera Nair', '9600271344', 'meera.nair@gmail.com', '2, Cross Street, Bangalore', 0.00);
INSERT INTO customers (id, name, phone, email, address, total_purchases) VALUES (11, 'Kabir Kapoor', '9884805397', 'kabir.kapoor@yahoo.com', '46, Cross Street, Bangalore', 0.00);
INSERT INTO customers (id, name, phone, email, address, total_purchases) VALUES (12, 'Avani Sen', '7358914234', 'avani.sen@gmail.com', '44, Cross Street, Coimbatore', 0.00);
INSERT INTO customers (id, name, phone, email, address, total_purchases) VALUES (13, 'Sai Reddy', '7358418051', 'sai.reddy@hotmail.com', '53, Cross Street, Pune', 0.00);
INSERT INTO customers (id, name, phone, email, address, total_purchases) VALUES (14, 'Kavya Choudhury', '8939321792', 'kavya.choudhury@outlook.com', '34, Cross Street, Bangalore', 0.00);
INSERT INTO customers (id, name, phone, email, address, total_purchases) VALUES (15, 'Rudra Banerjee', '7200694736', 'rudra.banerjee@outlook.com', '2, Cross Street, Delhi', 0.00);
INSERT INTO customers (id, name, phone, email, address, total_purchases) VALUES (16, 'Anika Deshmukh', '9884222145', 'anika.deshmukh@gmail.com', '97, Cross Street, Hyderabad', 0.00);
INSERT INTO customers (id, name, phone, email, address, total_purchases) VALUES (17, 'Reyansh Saxena', '8122471758', 'reyansh.saxena@gmail.com', '92, Cross Street, Mumbai', 0.00);
INSERT INTO customers (id, name, phone, email, address, total_purchases) VALUES (18, 'Zara Khan', '9003227207', 'zara.khan@outlook.com', '43, Cross Street, Chennai', 0.00);
INSERT INTO customers (id, name, phone, email, address, total_purchases) VALUES (19, 'Vivaan Sethi', '9600904617', 'vivaan.sethi@hotmail.com', '26, Cross Street, Mumbai', 0.00);
INSERT INTO customers (id, name, phone, email, address, total_purchases) VALUES (20, 'Kiara Bhat', '9884521516', 'kiara.bhat@hotmail.com', '93, Cross Street, Pune', 0.00);
INSERT INTO customers (id, name, phone, email, address, total_purchases) VALUES (21, 'John Doe', '9940828838', 'john.doe@outlook.com', '38, Cross Street, Hyderabad', 0.00);
INSERT INTO customers (id, name, phone, email, address, total_purchases) VALUES (22, 'Jane Smith', '7200605649', 'jane.smith@gmail.com', '47, Cross Street, Chennai', 0.00);
INSERT INTO customers (id, name, phone, email, address, total_purchases) VALUES (23, 'David Miller', '9884904512', 'david.miller@yahoo.com', '40, Cross Street, Hyderabad', 0.00);
INSERT INTO customers (id, name, phone, email, address, total_purchases) VALUES (24, 'Sarah Connor', '9884345887', 'sarah.connor@yahoo.com', '40, Cross Street, Delhi', 0.00);
INSERT INTO customers (id, name, phone, email, address, total_purchases) VALUES (25, 'Michael Scott', '9884710636', 'michael.scott@live.in', '15, Cross Street, Mumbai', 0.00);
INSERT INTO customers (id, name, phone, email, address, total_purchases) VALUES (26, 'Emma Watson', '9444193876', 'emma.watson@yahoo.com', '10, Cross Street, Kolkata', 0.00);
INSERT INTO customers (id, name, phone, email, address, total_purchases) VALUES (27, 'James Bond', '7358290924', 'james.bond@hotmail.com', '34, Cross Street, Mumbai', 0.00);
INSERT INTO customers (id, name, phone, email, address, total_purchases) VALUES (28, 'Olivia Taylor', '8122941590', 'olivia.taylor@hotmail.com', '87, Cross Street, Hyderabad', 0.00);
INSERT INTO customers (id, name, phone, email, address, total_purchases) VALUES (29, 'William Davis', '8122220209', 'william.davis@hotmail.com', '4, Cross Street, Kolkata', 0.00);
INSERT INTO customers (id, name, phone, email, address, total_purchases) VALUES (30, 'Sophia Martinez', '9840709398', 'sophia.martinez@live.in', '73, Cross Street, Hyderabad', 0.00);
INSERT INTO customers (id, name, phone, email, address, total_purchases) VALUES (31, 'Sathish Kumar', '9600846803', 'sathish.kumar@hotmail.com', '73, Cross Street, Coimbatore', 0.00);
INSERT INTO customers (id, name, phone, email, address, total_purchases) VALUES (32, 'Vasanth Raveendran', '7200620848', 'vasanth.raveendran@live.in', '36, Cross Street, Mumbai', 0.00);
INSERT INTO customers (id, name, phone, email, address, total_purchases) VALUES (33, 'Arun Prasath', '9600558812', 'arun.prasath@hotmail.com', '90, Cross Street, Mumbai', 0.00);
INSERT INTO customers (id, name, phone, email, address, total_purchases) VALUES (34, 'Divya Balaji', '9003608956', 'divya.balaji@hotmail.com', '100, Cross Street, Delhi', 0.00);
INSERT INTO customers (id, name, phone, email, address, total_purchases) VALUES (35, 'Deepak Chandran', '9840874327', 'deepak.chandran@yahoo.com', '37, Cross Street, Hyderabad', 0.00);
INSERT INTO customers (id, name, phone, email, address, total_purchases) VALUES (36, 'Subhashini Ram', '9444419595', 'subhashini.ram@yahoo.com', '57, Cross Street, Mumbai', 0.00);
INSERT INTO customers (id, name, phone, email, address, total_purchases) VALUES (37, 'Priya Mani', '8122837422', 'priya.mani@hotmail.com', '59, Cross Street, Kolkata', 0.00);
INSERT INTO customers (id, name, phone, email, address, total_purchases) VALUES (38, 'Karthik Raja', '9840681179', 'karthik.raja@gmail.com', '21, Cross Street, Delhi', 0.00);
INSERT INTO customers (id, name, phone, email, address, total_purchases) VALUES (39, 'Manoj Kumar', '7200827404', 'manoj.kumar@yahoo.com', '36, Cross Street, Kolkata', 0.00);
INSERT INTO customers (id, name, phone, email, address, total_purchases) VALUES (40, 'Ganesh Moorthy', '9840618251', 'ganesh.moorthy@gmail.com', '78, Cross Street, Pune', 0.00);
INSERT INTO customers (id, name, phone, email, address, total_purchases) VALUES (41, 'Sundar Pichai', '9884838028', 'sundar.pichai@gmail.com', '100, Cross Street, Chennai', 0.00);
INSERT INTO customers (id, name, phone, email, address, total_purchases) VALUES (42, 'Satya Nadella', '7358332878', 'satya.nadella@outlook.com', '17, Cross Street, Pune', 0.00);
INSERT INTO customers (id, name, phone, email, address, total_purchases) VALUES (43, 'Nandan Nilekani', '9940643534', 'nandan.nilekani@live.in', '59, Cross Street, Hyderabad', 0.00);
INSERT INTO customers (id, name, phone, email, address, total_purchases) VALUES (44, 'Azim Premji', '9940782159', 'azim.premji@live.in', '30, Cross Street, Hyderabad', 0.00);
INSERT INTO customers (id, name, phone, email, address, total_purchases) VALUES (45, 'Kiran Mazumdar', '9940680844', 'kiran.mazumdar@hotmail.com', '33, Cross Street, Pune', 0.00);
INSERT INTO customers (id, name, phone, email, address, total_purchases) VALUES (46, 'Falguni Nayar', '8122517512', 'falguni.nayar@gmail.com', '56, Cross Street, Delhi', 0.00);
INSERT INTO customers (id, name, phone, email, address, total_purchases) VALUES (47, 'Roshni Nadar', '7200872647', 'roshni.nadar@yahoo.com', '50, Cross Street, Coimbatore', 0.00);
INSERT INTO customers (id, name, phone, email, address, total_purchases) VALUES (48, 'Radhika Gupta', '8122612459', 'radhika.gupta@outlook.com', '87, Cross Street, Chennai', 0.00);
INSERT INTO customers (id, name, phone, email, address, total_purchases) VALUES (49, 'Vani Kola', '7358201506', 'vani.kola@gmail.com', '45, Cross Street, Mumbai', 0.00);
INSERT INTO customers (id, name, phone, email, address, total_purchases) VALUES (50, 'Anjali Sud', '9840569634', 'anjali.sud@gmail.com', '95, Cross Street, Coimbatore', 0.00);

-- Insert Orders & Order Items (Exactly 300 orders, ~500 items)
INSERT INTO orders (id, invoice_number, customer_id, order_date, total_amount, payment_method, status) VALUES (1, 'INV-2026-0001', 28, '2025-11-28 18:31:00', 4.88, 'Net Banking', 'Paid');
  INSERT INTO order_items (id, order_id, product_id, quantity, unit_price, total_price) VALUES (1, 1, 60, 1, 4.88, 4.88);
INSERT INTO orders (id, invoice_number, customer_id, order_date, total_amount, payment_method, status) VALUES (2, 'INV-2026-0002', 18, '2025-09-01 08:55:00', 14.9, 'UPI', 'Paid');
  INSERT INTO order_items (id, order_id, product_id, quantity, unit_price, total_price) VALUES (2, 2, 93, 2, 7.45, 14.9);
INSERT INTO orders (id, invoice_number, customer_id, order_date, total_amount, payment_method, status) VALUES (3, 'INV-2026-0003', 14, '2025-10-12 15:27:00', 1246.83, 'Net Banking', 'Paid');
  INSERT INTO order_items (id, order_id, product_id, quantity, unit_price, total_price) VALUES (3, 3, 10, 3, 372.13, 1116.3899999999999);
  INSERT INTO order_items (id, order_id, product_id, quantity, unit_price, total_price) VALUES (4, 3, 68, 3, 33.38, 100.14000000000001);
  INSERT INTO order_items (id, order_id, product_id, quantity, unit_price, total_price) VALUES (5, 3, 82, 3, 10.1, 30.299999999999997);
INSERT INTO orders (id, invoice_number, customer_id, order_date, total_amount, payment_method, status) VALUES (4, 'INV-2026-0004', 15, '2026-01-16 00:13:00', 89.66, 'Cash', 'Paid');
  INSERT INTO order_items (id, order_id, product_id, quantity, unit_price, total_price) VALUES (6, 4, 98, 3, 20.96, 62.88);
  INSERT INTO order_items (id, order_id, product_id, quantity, unit_price, total_price) VALUES (7, 4, 28, 2, 4.62, 9.24);
  INSERT INTO order_items (id, order_id, product_id, quantity, unit_price, total_price) VALUES (8, 4, 88, 2, 8.77, 17.54);
INSERT INTO orders (id, invoice_number, customer_id, order_date, total_amount, payment_method, status) VALUES (5, 'INV-2026-0005', 36, '2026-06-10 05:43:00', 16.62, 'Net Banking', 'Paid');
  INSERT INTO order_items (id, order_id, product_id, quantity, unit_price, total_price) VALUES (9, 5, 53, 2, 8.31, 16.62);
INSERT INTO orders (id, invoice_number, customer_id, order_date, total_amount, payment_method, status) VALUES (6, 'INV-2026-0006', 7, '2025-12-22 14:18:00', 86.87, 'UPI', 'Paid');
  INSERT INTO order_items (id, order_id, product_id, quantity, unit_price, total_price) VALUES (10, 6, 28, 3, 4.62, 13.86);
  INSERT INTO order_items (id, order_id, product_id, quantity, unit_price, total_price) VALUES (11, 6, 61, 3, 17.15, 51.449999999999996);
  INSERT INTO order_items (id, order_id, product_id, quantity, unit_price, total_price) VALUES (12, 6, 27, 2, 10.78, 21.56);
INSERT INTO orders (id, invoice_number, customer_id, order_date, total_amount, payment_method, status) VALUES (7, 'INV-2026-0007', 30, '2026-01-14 01:15:00', 189.95, 'Net Banking', 'Paid');
  INSERT INTO order_items (id, order_id, product_id, quantity, unit_price, total_price) VALUES (13, 7, 24, 3, 4.21, 12.629999999999999);
  INSERT INTO order_items (id, order_id, product_id, quantity, unit_price, total_price) VALUES (14, 7, 52, 1, 16.19, 16.19);
  INSERT INTO order_items (id, order_id, product_id, quantity, unit_price, total_price) VALUES (15, 7, 76, 3, 53.71, 161.13);
INSERT INTO orders (id, invoice_number, customer_id, order_date, total_amount, payment_method, status) VALUES (8, 'INV-2026-0008', 25, '2025-08-21 16:18:00', 27.39, 'UPI', 'Cancelled');
  INSERT INTO order_items (id, order_id, product_id, quantity, unit_price, total_price) VALUES (16, 8, 51, 3, 9.13, 27.39);
INSERT INTO orders (id, invoice_number, customer_id, order_date, total_amount, payment_method, status) VALUES (9, 'INV-2026-0009', 26, '2026-07-10 13:34:00', 6.24, 'Net Banking', 'Paid');
  INSERT INTO order_items (id, order_id, product_id, quantity, unit_price, total_price) VALUES (17, 9, 22, 2, 3.12, 6.24);
INSERT INTO orders (id, invoice_number, customer_id, order_date, total_amount, payment_method, status) VALUES (10, 'INV-2026-0010', 25, '2026-01-17 23:39:00', 11.22, 'Net Banking', 'Paid');
  INSERT INTO order_items (id, order_id, product_id, quantity, unit_price, total_price) VALUES (18, 10, 32, 3, 3.74, 11.22);
INSERT INTO orders (id, invoice_number, customer_id, order_date, total_amount, payment_method, status) VALUES (11, 'INV-2026-0011', 38, '2025-10-07 20:13:00', 73.59, 'Card', 'Pending');
  INSERT INTO order_items (id, order_id, product_id, quantity, unit_price, total_price) VALUES (19, 11, 50, 2, 13.55, 27.1);
  INSERT INTO order_items (id, order_id, product_id, quantity, unit_price, total_price) VALUES (20, 11, 52, 1, 16.19, 16.19);
  INSERT INTO order_items (id, order_id, product_id, quantity, unit_price, total_price) VALUES (21, 11, 82, 3, 10.1, 30.299999999999997);
INSERT INTO orders (id, invoice_number, customer_id, order_date, total_amount, payment_method, status) VALUES (12, 'INV-2026-0012', 24, '2025-09-27 14:36:00', 40.86, 'Net Banking', 'Pending');
  INSERT INTO order_items (id, order_id, product_id, quantity, unit_price, total_price) VALUES (22, 12, 43, 3, 13.62, 40.86);
INSERT INTO orders (id, invoice_number, customer_id, order_date, total_amount, payment_method, status) VALUES (13, 'INV-2026-0013', 8, '2026-02-09 13:46:00', 38.97, 'Cash', 'Paid');
  INSERT INTO order_items (id, order_id, product_id, quantity, unit_price, total_price) VALUES (23, 13, 91, 3, 12.99, 38.97);
INSERT INTO orders (id, invoice_number, customer_id, order_date, total_amount, payment_method, status) VALUES (14, 'INV-2026-0014', 14, '2025-12-23 00:19:00', 384.3, 'Net Banking', 'Paid');
  INSERT INTO order_items (id, order_id, product_id, quantity, unit_price, total_price) VALUES (24, 14, 14, 1, 350.7, 350.7);
  INSERT INTO order_items (id, order_id, product_id, quantity, unit_price, total_price) VALUES (25, 14, 97, 2, 10.75, 21.5);
  INSERT INTO order_items (id, order_id, product_id, quantity, unit_price, total_price) VALUES (26, 14, 25, 1, 12.1, 12.1);
INSERT INTO orders (id, invoice_number, customer_id, order_date, total_amount, payment_method, status) VALUES (15, 'INV-2026-0015', 4, '2026-04-09 02:26:00', 21.84, 'Net Banking', 'Cancelled');
  INSERT INTO order_items (id, order_id, product_id, quantity, unit_price, total_price) VALUES (27, 15, 81, 3, 7.28, 21.84);
INSERT INTO orders (id, invoice_number, customer_id, order_date, total_amount, payment_method, status) VALUES (16, 'INV-2026-0016', 16, '2025-08-20 10:34:00', 87.38, 'Cash', 'Cancelled');
  INSERT INTO order_items (id, order_id, product_id, quantity, unit_price, total_price) VALUES (28, 16, 62, 2, 43.69, 87.38);
INSERT INTO orders (id, invoice_number, customer_id, order_date, total_amount, payment_method, status) VALUES (17, 'INV-2026-0017', 26, '2025-12-12 13:05:00', 20.2, 'Cash', 'Paid');
  INSERT INTO order_items (id, order_id, product_id, quantity, unit_price, total_price) VALUES (29, 17, 82, 2, 10.1, 20.2);
INSERT INTO orders (id, invoice_number, customer_id, order_date, total_amount, payment_method, status) VALUES (18, 'INV-2026-0018', 49, '2026-05-12 05:20:00', 32.6, 'UPI', 'Paid');
  INSERT INTO order_items (id, order_id, product_id, quantity, unit_price, total_price) VALUES (30, 18, 75, 1, 32.6, 32.6);
INSERT INTO orders (id, invoice_number, customer_id, order_date, total_amount, payment_method, status) VALUES (19, 'INV-2026-0019', 22, '2026-02-19 15:06:00', 17.15, 'Cash', 'Paid');
  INSERT INTO order_items (id, order_id, product_id, quantity, unit_price, total_price) VALUES (31, 19, 61, 1, 17.15, 17.15);
INSERT INTO orders (id, invoice_number, customer_id, order_date, total_amount, payment_method, status) VALUES (20, 'INV-2026-0020', 18, '2026-01-20 12:50:00', 65.66, 'Cash', 'Paid');
  INSERT INTO order_items (id, order_id, product_id, quantity, unit_price, total_price) VALUES (32, 20, 38, 2, 3.47, 6.94);
  INSERT INTO order_items (id, order_id, product_id, quantity, unit_price, total_price) VALUES (33, 20, 99, 2, 20.06, 40.12);
  INSERT INTO order_items (id, order_id, product_id, quantity, unit_price, total_price) VALUES (34, 20, 85, 3, 6.2, 18.6);
INSERT INTO orders (id, invoice_number, customer_id, order_date, total_amount, payment_method, status) VALUES (21, 'INV-2026-0021', 9, '2025-12-31 23:00:00', 17.54, 'Card', 'Paid');
  INSERT INTO order_items (id, order_id, product_id, quantity, unit_price, total_price) VALUES (35, 21, 88, 2, 8.77, 17.54);
INSERT INTO orders (id, invoice_number, customer_id, order_date, total_amount, payment_method, status) VALUES (22, 'INV-2026-0022', 4, '2025-11-23 14:49:00', 27.24, 'Card', 'Paid');
  INSERT INTO order_items (id, order_id, product_id, quantity, unit_price, total_price) VALUES (36, 22, 43, 2, 13.62, 27.24);
INSERT INTO orders (id, invoice_number, customer_id, order_date, total_amount, payment_method, status) VALUES (23, 'INV-2026-0023', 39, '2026-03-22 21:56:00', 34.37, 'UPI', 'Paid');
  INSERT INTO order_items (id, order_id, product_id, quantity, unit_price, total_price) VALUES (37, 23, 52, 1, 16.19, 16.19);
  INSERT INTO order_items (id, order_id, product_id, quantity, unit_price, total_price) VALUES (38, 23, 94, 1, 8.9, 8.9);
  INSERT INTO order_items (id, order_id, product_id, quantity, unit_price, total_price) VALUES (39, 23, 46, 1, 9.28, 9.28);
INSERT INTO orders (id, invoice_number, customer_id, order_date, total_amount, payment_method, status) VALUES (24, 'INV-2026-0024', 3, '2025-12-10 11:34:00', 21.94, 'UPI', 'Pending');
  INSERT INTO order_items (id, order_id, product_id, quantity, unit_price, total_price) VALUES (40, 24, 34, 2, 10.97, 21.94);
INSERT INTO orders (id, invoice_number, customer_id, order_date, total_amount, payment_method, status) VALUES (25, 'INV-2026-0025', 23, '2026-06-07 20:31:00', 1352.32, 'Net Banking', 'Paid');
  INSERT INTO order_items (id, order_id, product_id, quantity, unit_price, total_price) VALUES (41, 25, 45, 1, 16.11, 16.11);
  INSERT INTO order_items (id, order_id, product_id, quantity, unit_price, total_price) VALUES (42, 25, 12, 3, 441.27, 1323.81);
  INSERT INTO order_items (id, order_id, product_id, quantity, unit_price, total_price) VALUES (43, 25, 85, 2, 6.2, 12.4);
INSERT INTO orders (id, invoice_number, customer_id, order_date, total_amount, payment_method, status) VALUES (26, 'INV-2026-0026', 34, '2025-07-20 15:00:00', 100.14, 'Card', 'Paid');
  INSERT INTO order_items (id, order_id, product_id, quantity, unit_price, total_price) VALUES (44, 26, 68, 3, 33.38, 100.14000000000001);
INSERT INTO orders (id, invoice_number, customer_id, order_date, total_amount, payment_method, status) VALUES (27, 'INV-2026-0027', 4, '2026-03-20 06:50:00', 744.26, 'Card', 'Cancelled');
  INSERT INTO order_items (id, order_id, product_id, quantity, unit_price, total_price) VALUES (45, 27, 10, 2, 372.13, 744.26);
INSERT INTO orders (id, invoice_number, customer_id, order_date, total_amount, payment_method, status) VALUES (28, 'INV-2026-0028', 50, '2025-08-18 12:10:00', 68.38, 'Net Banking', 'Pending');
  INSERT INTO order_items (id, order_id, product_id, quantity, unit_price, total_price) VALUES (46, 28, 38, 1, 3.47, 3.47);
  INSERT INTO order_items (id, order_id, product_id, quantity, unit_price, total_price) VALUES (47, 28, 44, 2, 27.84, 55.68);
  INSERT INTO order_items (id, order_id, product_id, quantity, unit_price, total_price) VALUES (48, 28, 100, 1, 9.23, 9.23);
INSERT INTO orders (id, invoice_number, customer_id, order_date, total_amount, payment_method, status) VALUES (29, 'INV-2026-0029', 13, '2025-08-22 20:36:00', 15.51, 'UPI', 'Paid');
  INSERT INTO order_items (id, order_id, product_id, quantity, unit_price, total_price) VALUES (49, 29, 21, 3, 5.17, 15.51);
INSERT INTO orders (id, invoice_number, customer_id, order_date, total_amount, payment_method, status) VALUES (30, 'INV-2026-0030', 9, '2026-01-14 17:53:00', 27.2, 'Cash', 'Paid');
  INSERT INTO order_items (id, order_id, product_id, quantity, unit_price, total_price) VALUES (50, 30, 51, 1, 9.13, 9.13);
  INSERT INTO order_items (id, order_id, product_id, quantity, unit_price, total_price) VALUES (51, 30, 45, 1, 16.11, 16.11);
  INSERT INTO order_items (id, order_id, product_id, quantity, unit_price, total_price) VALUES (52, 30, 36, 1, 1.96, 1.96);
INSERT INTO orders (id, invoice_number, customer_id, order_date, total_amount, payment_method, status) VALUES (31, 'INV-2026-0031', 10, '2026-06-09 05:29:00', 214.78, 'Card', 'Paid');
  INSERT INTO order_items (id, order_id, product_id, quantity, unit_price, total_price) VALUES (53, 31, 65, 2, 107.39, 214.78);
INSERT INTO orders (id, invoice_number, customer_id, order_date, total_amount, payment_method, status) VALUES (32, 'INV-2026-0032', 15, '2025-11-20 12:39:00', 99.43, 'Net Banking', 'Cancelled');
  INSERT INTO order_items (id, order_id, product_id, quantity, unit_price, total_price) VALUES (54, 32, 67, 2, 28.41, 56.82);
  INSERT INTO order_items (id, order_id, product_id, quantity, unit_price, total_price) VALUES (55, 32, 92, 1, 2.49, 2.49);
  INSERT INTO order_items (id, order_id, product_id, quantity, unit_price, total_price) VALUES (56, 32, 99, 2, 20.06, 40.12);
INSERT INTO orders (id, invoice_number, customer_id, order_date, total_amount, payment_method, status) VALUES (33, 'INV-2026-0033', 44, '2026-06-02 13:29:00', 1.26, 'UPI', 'Paid');
  INSERT INTO order_items (id, order_id, product_id, quantity, unit_price, total_price) VALUES (57, 33, 95, 1, 1.26, 1.26);
INSERT INTO orders (id, invoice_number, customer_id, order_date, total_amount, payment_method, status) VALUES (34, 'INV-2026-0034', 49, '2026-06-12 22:58:00', 9.62, 'Card', 'Pending');
  INSERT INTO order_items (id, order_id, product_id, quantity, unit_price, total_price) VALUES (58, 34, 59, 1, 9.62, 9.62);
INSERT INTO orders (id, invoice_number, customer_id, order_date, total_amount, payment_method, status) VALUES (35, 'INV-2026-0035', 38, '2026-06-03 04:54:00', 57.99, 'UPI', 'Cancelled');
  INSERT INTO order_items (id, order_id, product_id, quantity, unit_price, total_price) VALUES (59, 35, 54, 1, 12.45, 12.45);
  INSERT INTO order_items (id, order_id, product_id, quantity, unit_price, total_price) VALUES (60, 35, 91, 3, 12.99, 38.97);
  INSERT INTO order_items (id, order_id, product_id, quantity, unit_price, total_price) VALUES (61, 35, 39, 1, 6.57, 6.57);
INSERT INTO orders (id, invoice_number, customer_id, order_date, total_amount, payment_method, status) VALUES (36, 'INV-2026-0036', 15, '2026-05-12 16:44:00', 1711.34, 'Net Banking', 'Pending');
  INSERT INTO order_items (id, order_id, product_id, quantity, unit_price, total_price) VALUES (62, 36, 1, 1, 1237.08, 1237.08);
  INSERT INTO order_items (id, order_id, product_id, quantity, unit_price, total_price) VALUES (63, 36, 16, 3, 152.69, 458.07);
  INSERT INTO order_items (id, order_id, product_id, quantity, unit_price, total_price) VALUES (64, 36, 52, 1, 16.19, 16.19);
INSERT INTO orders (id, invoice_number, customer_id, order_date, total_amount, payment_method, status) VALUES (37, 'INV-2026-0037', 12, '2025-08-20 00:44:00', 59.77, 'Card', 'Paid');
  INSERT INTO order_items (id, order_id, product_id, quantity, unit_price, total_price) VALUES (65, 37, 11, 1, 59.77, 59.77);
INSERT INTO orders (id, invoice_number, customer_id, order_date, total_amount, payment_method, status) VALUES (38, 'INV-2026-0038', 40, '2026-03-23 12:24:00', 92.36, 'Net Banking', 'Paid');
  INSERT INTO order_items (id, order_id, product_id, quantity, unit_price, total_price) VALUES (66, 38, 15, 1, 92.36, 92.36);
INSERT INTO orders (id, invoice_number, customer_id, order_date, total_amount, payment_method, status) VALUES (39, 'INV-2026-0039', 29, '2025-12-11 08:12:00', 335.79, 'Card', 'Cancelled');
  INSERT INTO order_items (id, order_id, product_id, quantity, unit_price, total_price) VALUES (67, 39, 94, 1, 8.9, 8.9);
  INSERT INTO order_items (id, order_id, product_id, quantity, unit_price, total_price) VALUES (68, 39, 37, 1, 4.72, 4.72);
  INSERT INTO order_items (id, order_id, product_id, quantity, unit_price, total_price) VALUES (69, 39, 65, 3, 107.39, 322.17);
INSERT INTO orders (id, invoice_number, customer_id, order_date, total_amount, payment_method, status) VALUES (40, 'INV-2026-0040', 11, '2026-06-22 03:11:00', 1437.93, 'UPI', 'Paid');
  INSERT INTO order_items (id, order_id, product_id, quantity, unit_price, total_price) VALUES (70, 40, 17, 1, 221.87, 221.87);
  INSERT INTO order_items (id, order_id, product_id, quantity, unit_price, total_price) VALUES (71, 40, 63, 3, 53.04, 159.12);
  INSERT INTO order_items (id, order_id, product_id, quantity, unit_price, total_price) VALUES (72, 40, 2, 1, 1056.94, 1056.94);
INSERT INTO orders (id, invoice_number, customer_id, order_date, total_amount, payment_method, status) VALUES (41, 'INV-2026-0041', 14, '2025-12-30 00:06:00', 179.31, 'Cash', 'Paid');
  INSERT INTO order_items (id, order_id, product_id, quantity, unit_price, total_price) VALUES (73, 41, 11, 3, 59.77, 179.31);
INSERT INTO orders (id, invoice_number, customer_id, order_date, total_amount, payment_method, status) VALUES (42, 'INV-2026-0042', 49, '2025-10-12 12:04:00', 160.71, 'Cash', 'Paid');
  INSERT INTO order_items (id, order_id, product_id, quantity, unit_price, total_price) VALUES (74, 42, 20, 1, 62.79, 62.79);
  INSERT INTO order_items (id, order_id, product_id, quantity, unit_price, total_price) VALUES (75, 42, 27, 3, 10.78, 32.339999999999996);
  INSERT INTO order_items (id, order_id, product_id, quantity, unit_price, total_price) VALUES (76, 42, 78, 3, 21.86, 65.58);
INSERT INTO orders (id, invoice_number, customer_id, order_date, total_amount, payment_method, status) VALUES (43, 'INV-2026-0043', 35, '2026-05-06 01:34:00', 3.52, 'UPI', 'Pending');
  INSERT INTO order_items (id, order_id, product_id, quantity, unit_price, total_price) VALUES (77, 43, 96, 1, 3.52, 3.52);
INSERT INTO orders (id, invoice_number, customer_id, order_date, total_amount, payment_method, status) VALUES (44, 'INV-2026-0044', 23, '2026-04-09 09:00:00', 744.26, 'Card', 'Paid');
  INSERT INTO order_items (id, order_id, product_id, quantity, unit_price, total_price) VALUES (78, 44, 10, 2, 372.13, 744.26);
INSERT INTO orders (id, invoice_number, customer_id, order_date, total_amount, payment_method, status) VALUES (45, 'INV-2026-0045', 14, '2025-09-20 17:39:00', 17.82, 'Cash', 'Cancelled');
  INSERT INTO order_items (id, order_id, product_id, quantity, unit_price, total_price) VALUES (79, 45, 89, 1, 17.82, 17.82);
INSERT INTO orders (id, invoice_number, customer_id, order_date, total_amount, payment_method, status) VALUES (46, 'INV-2026-0046', 1, '2025-08-04 10:44:00', 10.98, 'Card', 'Paid');
  INSERT INTO order_items (id, order_id, product_id, quantity, unit_price, total_price) VALUES (80, 46, 84, 2, 5.49, 10.98);
INSERT INTO orders (id, invoice_number, customer_id, order_date, total_amount, payment_method, status) VALUES (47, 'INV-2026-0047', 49, '2025-10-14 11:36:00', 43.36, 'Card', 'Paid');
  INSERT INTO order_items (id, order_id, product_id, quantity, unit_price, total_price) VALUES (81, 47, 42, 1, 9.09, 9.09);
  INSERT INTO order_items (id, order_id, product_id, quantity, unit_price, total_price) VALUES (82, 47, 81, 2, 7.28, 14.56);
  INSERT INTO order_items (id, order_id, product_id, quantity, unit_price, total_price) VALUES (83, 47, 39, 3, 6.57, 19.71);
INSERT INTO orders (id, invoice_number, customer_id, order_date, total_amount, payment_method, status) VALUES (48, 'INV-2026-0048', 12, '2026-05-20 23:59:00', 418.5, 'Cash', 'Paid');
  INSERT INTO order_items (id, order_id, product_id, quantity, unit_price, total_price) VALUES (84, 48, 59, 3, 9.62, 28.86);
  INSERT INTO order_items (id, order_id, product_id, quantity, unit_price, total_price) VALUES (85, 48, 64, 1, 42.33, 42.33);
  INSERT INTO order_items (id, order_id, product_id, quantity, unit_price, total_price) VALUES (86, 48, 9, 3, 115.77, 347.31);
INSERT INTO orders (id, invoice_number, customer_id, order_date, total_amount, payment_method, status) VALUES (49, 'INV-2026-0049', 40, '2026-01-15 16:26:00', 41.92, 'Net Banking', 'Cancelled');
  INSERT INTO order_items (id, order_id, product_id, quantity, unit_price, total_price) VALUES (87, 49, 98, 2, 20.96, 41.92);
INSERT INTO orders (id, invoice_number, customer_id, order_date, total_amount, payment_method, status) VALUES (50, 'INV-2026-0050', 22, '2026-05-08 14:47:00', 159.36, 'Card', 'Paid');
  INSERT INTO order_items (id, order_id, product_id, quantity, unit_price, total_price) VALUES (88, 50, 74, 2, 79.68, 159.36);
INSERT INTO orders (id, invoice_number, customer_id, order_date, total_amount, payment_method, status) VALUES (51, 'INV-2026-0051', 2, '2025-12-12 11:49:00', 1282.35, 'Card', 'Paid');
  INSERT INTO order_items (id, order_id, product_id, quantity, unit_price, total_price) VALUES (89, 51, 3, 1, 1282.35, 1282.35);
INSERT INTO orders (id, invoice_number, customer_id, order_date, total_amount, payment_method, status) VALUES (52, 'INV-2026-0052', 29, '2026-07-05 07:12:00', 10.41, 'Cash', 'Pending');
  INSERT INTO order_items (id, order_id, product_id, quantity, unit_price, total_price) VALUES (90, 52, 38, 3, 3.47, 10.41);
INSERT INTO orders (id, invoice_number, customer_id, order_date, total_amount, payment_method, status) VALUES (53, 'INV-2026-0053', 7, '2025-11-07 08:38:00', 46.84, 'Net Banking', 'Paid');
  INSERT INTO order_items (id, order_id, product_id, quantity, unit_price, total_price) VALUES (91, 53, 46, 3, 9.28, 27.839999999999996);
  INSERT INTO order_items (id, order_id, product_id, quantity, unit_price, total_price) VALUES (92, 53, 56, 1, 11.96, 11.96);
  INSERT INTO order_items (id, order_id, product_id, quantity, unit_price, total_price) VALUES (93, 53, 96, 2, 3.52, 7.04);
INSERT INTO orders (id, invoice_number, customer_id, order_date, total_amount, payment_method, status) VALUES (54, 'INV-2026-0054', 9, '2026-03-07 01:33:00', 53.46, 'UPI', 'Paid');
  INSERT INTO order_items (id, order_id, product_id, quantity, unit_price, total_price) VALUES (94, 54, 89, 3, 17.82, 53.46);
INSERT INTO orders (id, invoice_number, customer_id, order_date, total_amount, payment_method, status) VALUES (55, 'INV-2026-0055', 15, '2025-07-21 03:49:00', 191.53, 'Card', 'Paid');
  INSERT INTO order_items (id, order_id, product_id, quantity, unit_price, total_price) VALUES (95, 55, 99, 2, 20.06, 40.12);
  INSERT INTO order_items (id, order_id, product_id, quantity, unit_price, total_price) VALUES (96, 55, 9, 1, 115.77, 115.77);
  INSERT INTO order_items (id, order_id, product_id, quantity, unit_price, total_price) VALUES (97, 55, 89, 2, 17.82, 35.64);
INSERT INTO orders (id, invoice_number, customer_id, order_date, total_amount, payment_method, status) VALUES (56, 'INV-2026-0056', 43, '2025-08-25 09:49:00', 9.13, 'Card', 'Paid');
  INSERT INTO order_items (id, order_id, product_id, quantity, unit_price, total_price) VALUES (98, 56, 51, 1, 9.13, 9.13);
INSERT INTO orders (id, invoice_number, customer_id, order_date, total_amount, payment_method, status) VALUES (57, 'INV-2026-0057', 33, '2025-07-26 00:37:00', 32.38, 'Cash', 'Pending');
  INSERT INTO order_items (id, order_id, product_id, quantity, unit_price, total_price) VALUES (99, 57, 52, 2, 16.19, 32.38);
INSERT INTO orders (id, invoice_number, customer_id, order_date, total_amount, payment_method, status) VALUES (58, 'INV-2026-0058', 32, '2025-10-26 05:51:00', 13.62, 'UPI', 'Pending');
  INSERT INTO order_items (id, order_id, product_id, quantity, unit_price, total_price) VALUES (100, 58, 43, 1, 13.62, 13.62);
INSERT INTO orders (id, invoice_number, customer_id, order_date, total_amount, payment_method, status) VALUES (59, 'INV-2026-0059', 7, '2025-09-22 21:37:00', 21.86, 'UPI', 'Cancelled');
  INSERT INTO order_items (id, order_id, product_id, quantity, unit_price, total_price) VALUES (101, 59, 78, 1, 21.86, 21.86);
INSERT INTO orders (id, invoice_number, customer_id, order_date, total_amount, payment_method, status) VALUES (60, 'INV-2026-0060', 44, '2026-06-08 07:21:00', 13.23, 'Net Banking', 'Paid');
  INSERT INTO order_items (id, order_id, product_id, quantity, unit_price, total_price) VALUES (102, 60, 48, 3, 4.41, 13.23);
INSERT INTO orders (id, invoice_number, customer_id, order_date, total_amount, payment_method, status) VALUES (61, 'INV-2026-0061', 44, '2026-06-26 16:47:00', 5.88, 'Net Banking', 'Cancelled');
  INSERT INTO order_items (id, order_id, product_id, quantity, unit_price, total_price) VALUES (103, 61, 36, 3, 1.96, 5.88);
INSERT INTO orders (id, invoice_number, customer_id, order_date, total_amount, payment_method, status) VALUES (62, 'INV-2026-0062', 14, '2025-07-20 06:50:00', 3847.05, 'Net Banking', 'Paid');
  INSERT INTO order_items (id, order_id, product_id, quantity, unit_price, total_price) VALUES (104, 62, 3, 3, 1282.35, 3847.0499999999997);
INSERT INTO orders (id, invoice_number, customer_id, order_date, total_amount, payment_method, status) VALUES (63, 'INV-2026-0063', 41, '2026-04-07 09:30:00', 28.27, 'UPI', 'Paid');
  INSERT INTO order_items (id, order_id, product_id, quantity, unit_price, total_price) VALUES (105, 63, 82, 2, 10.1, 20.2);
  INSERT INTO order_items (id, order_id, product_id, quantity, unit_price, total_price) VALUES (106, 63, 22, 2, 3.12, 6.24);
  INSERT INTO order_items (id, order_id, product_id, quantity, unit_price, total_price) VALUES (107, 63, 90, 1, 1.83, 1.83);
INSERT INTO orders (id, invoice_number, customer_id, order_date, total_amount, payment_method, status) VALUES (64, 'INV-2026-0064', 24, '2025-10-29 06:48:00', 105.99, 'Net Banking', 'Pending');
  INSERT INTO order_items (id, order_id, product_id, quantity, unit_price, total_price) VALUES (108, 64, 44, 3, 27.84, 83.52);
  INSERT INTO order_items (id, order_id, product_id, quantity, unit_price, total_price) VALUES (109, 64, 48, 3, 4.41, 13.23);
  INSERT INTO order_items (id, order_id, product_id, quantity, unit_price, total_price) VALUES (110, 64, 28, 2, 4.62, 9.24);
INSERT INTO orders (id, invoice_number, customer_id, order_date, total_amount, payment_method, status) VALUES (65, 'INV-2026-0065', 41, '2025-09-18 21:44:00', 154.95, 'UPI', 'Paid');
  INSERT INTO order_items (id, order_id, product_id, quantity, unit_price, total_price) VALUES (111, 65, 50, 1, 13.55, 13.55);
  INSERT INTO order_items (id, order_id, product_id, quantity, unit_price, total_price) VALUES (112, 65, 78, 1, 21.86, 21.86);
  INSERT INTO order_items (id, order_id, product_id, quantity, unit_price, total_price) VALUES (113, 65, 11, 2, 59.77, 119.54);
INSERT INTO orders (id, invoice_number, customer_id, order_date, total_amount, payment_method, status) VALUES (66, 'INV-2026-0066', 15, '2025-12-18 01:19:00', 171.24, 'Net Banking', 'Paid');
  INSERT INTO order_items (id, order_id, product_id, quantity, unit_price, total_price) VALUES (114, 66, 53, 2, 8.31, 16.62);
  INSERT INTO order_items (id, order_id, product_id, quantity, unit_price, total_price) VALUES (115, 66, 75, 3, 32.6, 97.80000000000001);
  INSERT INTO order_items (id, order_id, product_id, quantity, unit_price, total_price) VALUES (116, 66, 67, 2, 28.41, 56.82);
INSERT INTO orders (id, invoice_number, customer_id, order_date, total_amount, payment_method, status) VALUES (67, 'INV-2026-0067', 30, '2025-10-27 05:31:00', 10.77, 'Card', 'Paid');
  INSERT INTO order_items (id, order_id, product_id, quantity, unit_price, total_price) VALUES (117, 67, 33, 3, 3.59, 10.77);
INSERT INTO orders (id, invoice_number, customer_id, order_date, total_amount, payment_method, status) VALUES (68, 'INV-2026-0068', 24, '2026-01-18 18:34:00', 11.2, 'UPI', 'Pending');
  INSERT INTO order_items (id, order_id, product_id, quantity, unit_price, total_price) VALUES (118, 68, 23, 2, 5.6, 11.2);
INSERT INTO orders (id, invoice_number, customer_id, order_date, total_amount, payment_method, status) VALUES (69, 'INV-2026-0069', 41, '2026-04-21 16:02:00', 115.33, 'UPI', 'Paid');
  INSERT INTO order_items (id, order_id, product_id, quantity, unit_price, total_price) VALUES (119, 69, 5, 1, 115.33, 115.33);
INSERT INTO orders (id, invoice_number, customer_id, order_date, total_amount, payment_method, status) VALUES (70, 'INV-2026-0070', 28, '2026-04-14 00:33:00', 296.88, 'Net Banking', 'Cancelled');
  INSERT INTO order_items (id, order_id, product_id, quantity, unit_price, total_price) VALUES (120, 70, 19, 2, 85.96, 171.92);
  INSERT INTO order_items (id, order_id, product_id, quantity, unit_price, total_price) VALUES (121, 70, 88, 2, 8.77, 17.54);
  INSERT INTO order_items (id, order_id, product_id, quantity, unit_price, total_price) VALUES (122, 70, 76, 2, 53.71, 107.42);
INSERT INTO orders (id, invoice_number, customer_id, order_date, total_amount, payment_method, status) VALUES (71, 'INV-2026-0071', 11, '2025-12-22 23:07:00', 135.5, 'Net Banking', 'Paid');
  INSERT INTO order_items (id, order_id, product_id, quantity, unit_price, total_price) VALUES (123, 71, 100, 3, 9.23, 27.69);
  INSERT INTO order_items (id, order_id, product_id, quantity, unit_price, total_price) VALUES (124, 71, 42, 2, 9.09, 18.18);
  INSERT INTO order_items (id, order_id, product_id, quantity, unit_price, total_price) VALUES (125, 71, 6, 1, 89.63, 89.63);
INSERT INTO orders (id, invoice_number, customer_id, order_date, total_amount, payment_method, status) VALUES (72, 'INV-2026-0072', 20, '2025-08-29 18:18:00', 15.51, 'Cash', 'Pending');
  INSERT INTO order_items (id, order_id, product_id, quantity, unit_price, total_price) VALUES (126, 72, 21, 3, 5.17, 15.51);
INSERT INTO orders (id, invoice_number, customer_id, order_date, total_amount, payment_method, status) VALUES (73, 'INV-2026-0073', 16, '2026-04-28 05:05:00', 171.92, 'Cash', 'Paid');
  INSERT INTO order_items (id, order_id, product_id, quantity, unit_price, total_price) VALUES (127, 73, 19, 2, 85.96, 171.92);
INSERT INTO orders (id, invoice_number, customer_id, order_date, total_amount, payment_method, status) VALUES (74, 'INV-2026-0074', 44, '2025-08-01 02:35:00', 159.36, 'Cash', 'Pending');
  INSERT INTO order_items (id, order_id, product_id, quantity, unit_price, total_price) VALUES (128, 74, 74, 2, 79.68, 159.36);
INSERT INTO orders (id, invoice_number, customer_id, order_date, total_amount, payment_method, status) VALUES (75, 'INV-2026-0075', 30, '2026-05-25 21:19:00', 298.32, 'Cash', 'Cancelled');
  INSERT INTO order_items (id, order_id, product_id, quantity, unit_price, total_price) VALUES (129, 75, 9, 2, 115.77, 231.54);
  INSERT INTO order_items (id, order_id, product_id, quantity, unit_price, total_price) VALUES (130, 75, 91, 1, 12.99, 12.99);
  INSERT INTO order_items (id, order_id, product_id, quantity, unit_price, total_price) VALUES (131, 75, 57, 3, 17.93, 53.79);
INSERT INTO orders (id, invoice_number, customer_id, order_date, total_amount, payment_method, status) VALUES (76, 'INV-2026-0076', 32, '2025-10-09 13:59:00', 14.92, 'Net Banking', 'Paid');
  INSERT INTO order_items (id, order_id, product_id, quantity, unit_price, total_price) VALUES (132, 76, 37, 2, 4.72, 9.44);
  INSERT INTO order_items (id, order_id, product_id, quantity, unit_price, total_price) VALUES (133, 76, 36, 1, 1.96, 1.96);
  INSERT INTO order_items (id, order_id, product_id, quantity, unit_price, total_price) VALUES (134, 76, 96, 1, 3.52, 3.52);
INSERT INTO orders (id, invoice_number, customer_id, order_date, total_amount, payment_method, status) VALUES (77, 'INV-2026-0077', 48, '2026-03-18 21:03:00', 34.38, 'Card', 'Cancelled');
  INSERT INTO order_items (id, order_id, product_id, quantity, unit_price, total_price) VALUES (135, 77, 96, 1, 3.52, 3.52);
  INSERT INTO order_items (id, order_id, product_id, quantity, unit_price, total_price) VALUES (136, 77, 38, 2, 3.47, 6.94);
  INSERT INTO order_items (id, order_id, product_id, quantity, unit_price, total_price) VALUES (137, 77, 56, 2, 11.96, 23.92);
INSERT INTO orders (id, invoice_number, customer_id, order_date, total_amount, payment_method, status) VALUES (78, 'INV-2026-0078', 49, '2026-05-08 07:29:00', 75.11, 'Cash', 'Paid');
  INSERT INTO order_items (id, order_id, product_id, quantity, unit_price, total_price) VALUES (138, 78, 75, 1, 32.6, 32.6);
  INSERT INTO order_items (id, order_id, product_id, quantity, unit_price, total_price) VALUES (139, 78, 99, 2, 20.06, 40.12);
  INSERT INTO order_items (id, order_id, product_id, quantity, unit_price, total_price) VALUES (140, 78, 31, 1, 2.39, 2.39);
INSERT INTO orders (id, invoice_number, customer_id, order_date, total_amount, payment_method, status) VALUES (79, 'INV-2026-0079', 33, '2026-07-02 01:38:00', 9.76, 'Card', 'Paid');
  INSERT INTO order_items (id, order_id, product_id, quantity, unit_price, total_price) VALUES (141, 79, 60, 2, 4.88, 9.76);
INSERT INTO orders (id, invoice_number, customer_id, order_date, total_amount, payment_method, status) VALUES (80, 'INV-2026-0080', 29, '2026-01-21 13:56:00', 185.01, 'Net Banking', 'Paid');
  INSERT INTO order_items (id, order_id, product_id, quantity, unit_price, total_price) VALUES (142, 80, 39, 3, 6.57, 19.71);
  INSERT INTO order_items (id, order_id, product_id, quantity, unit_price, total_price) VALUES (143, 80, 79, 3, 16.51, 49.53);
  INSERT INTO order_items (id, order_id, product_id, quantity, unit_price, total_price) VALUES (144, 80, 9, 1, 115.77, 115.77);
INSERT INTO orders (id, invoice_number, customer_id, order_date, total_amount, payment_method, status) VALUES (81, 'INV-2026-0081', 13, '2026-04-02 10:43:00', 14.16, 'Net Banking', 'Pending');
  INSERT INTO order_items (id, order_id, product_id, quantity, unit_price, total_price) VALUES (145, 81, 37, 3, 4.72, 14.16);
INSERT INTO orders (id, invoice_number, customer_id, order_date, total_amount, payment_method, status) VALUES (82, 'INV-2026-0082', 26, '2025-10-10 20:15:00', 10.75, 'Net Banking', 'Paid');
  INSERT INTO order_items (id, order_id, product_id, quantity, unit_price, total_price) VALUES (146, 82, 97, 1, 10.75, 10.75);
INSERT INTO orders (id, invoice_number, customer_id, order_date, total_amount, payment_method, status) VALUES (83, 'INV-2026-0083', 41, '2026-06-25 15:35:00', 215.93, 'UPI', 'Paid');
  INSERT INTO order_items (id, order_id, product_id, quantity, unit_price, total_price) VALUES (147, 83, 76, 2, 53.71, 107.42);
  INSERT INTO order_items (id, order_id, product_id, quantity, unit_price, total_price) VALUES (148, 83, 33, 3, 3.59, 10.77);
  INSERT INTO order_items (id, order_id, product_id, quantity, unit_price, total_price) VALUES (149, 83, 72, 3, 32.58, 97.74);
INSERT INTO orders (id, invoice_number, customer_id, order_date, total_amount, payment_method, status) VALUES (84, 'INV-2026-0084', 45, '2025-09-17 00:39:00', 116.09, 'UPI', 'Cancelled');
  INSERT INTO order_items (id, order_id, product_id, quantity, unit_price, total_price) VALUES (150, 84, 50, 2, 13.55, 27.1);
  INSERT INTO order_items (id, order_id, product_id, quantity, unit_price, total_price) VALUES (151, 84, 67, 3, 28.41, 85.23);
  INSERT INTO order_items (id, order_id, product_id, quantity, unit_price, total_price) VALUES (152, 84, 35, 1, 3.76, 3.76);
INSERT INTO orders (id, invoice_number, customer_id, order_date, total_amount, payment_method, status) VALUES (85, 'INV-2026-0085', 21, '2025-08-23 13:54:00', 89.63, 'Cash', 'Paid');
  INSERT INTO order_items (id, order_id, product_id, quantity, unit_price, total_price) VALUES (153, 85, 6, 1, 89.63, 89.63);
INSERT INTO orders (id, invoice_number, customer_id, order_date, total_amount, payment_method, status) VALUES (86, 'INV-2026-0086', 8, '2026-07-05 01:54:00', 18.26, 'Card', 'Paid');
  INSERT INTO order_items (id, order_id, product_id, quantity, unit_price, total_price) VALUES (154, 86, 51, 2, 9.13, 18.26);
INSERT INTO orders (id, invoice_number, customer_id, order_date, total_amount, payment_method, status) VALUES (87, 'INV-2026-0087', 31, '2025-09-11 12:21:00', 115.96, 'Net Banking', 'Paid');
  INSERT INTO order_items (id, order_id, product_id, quantity, unit_price, total_price) VALUES (155, 87, 80, 2, 27.71, 55.42);
  INSERT INTO order_items (id, order_id, product_id, quantity, unit_price, total_price) VALUES (156, 87, 71, 1, 55.37, 55.37);
  INSERT INTO order_items (id, order_id, product_id, quantity, unit_price, total_price) VALUES (157, 87, 21, 1, 5.17, 5.17);
INSERT INTO orders (id, invoice_number, customer_id, order_date, total_amount, payment_method, status) VALUES (88, 'INV-2026-0088', 31, '2025-11-17 00:32:00', 3.59, 'UPI', 'Pending');
  INSERT INTO order_items (id, order_id, product_id, quantity, unit_price, total_price) VALUES (158, 88, 33, 1, 3.59, 3.59);
INSERT INTO orders (id, invoice_number, customer_id, order_date, total_amount, payment_method, status) VALUES (89, 'INV-2026-0089', 48, '2026-05-24 18:48:00', 27.84, 'Net Banking', 'Paid');
  INSERT INTO order_items (id, order_id, product_id, quantity, unit_price, total_price) VALUES (159, 89, 44, 1, 27.84, 27.84);
INSERT INTO orders (id, invoice_number, customer_id, order_date, total_amount, payment_method, status) VALUES (90, 'INV-2026-0090', 13, '2026-01-25 11:22:00', 18.26, 'UPI', 'Paid');
  INSERT INTO order_items (id, order_id, product_id, quantity, unit_price, total_price) VALUES (160, 90, 51, 2, 9.13, 18.26);
INSERT INTO orders (id, invoice_number, customer_id, order_date, total_amount, payment_method, status) VALUES (91, 'INV-2026-0091', 2, '2026-04-07 21:03:00', 1064.91, 'Net Banking', 'Pending');
  INSERT INTO order_items (id, order_id, product_id, quantity, unit_price, total_price) VALUES (161, 91, 4, 3, 354.97, 1064.91);
INSERT INTO orders (id, invoice_number, customer_id, order_date, total_amount, payment_method, status) VALUES (92, 'INV-2026-0092', 36, '2025-12-23 10:55:00', 281.72, 'Net Banking', 'Cancelled');
  INSERT INTO order_items (id, order_id, product_id, quantity, unit_price, total_price) VALUES (162, 92, 50, 3, 13.55, 40.650000000000006);
  INSERT INTO order_items (id, order_id, product_id, quantity, unit_price, total_price) VALUES (163, 92, 38, 3, 3.47, 10.41);
  INSERT INTO order_items (id, order_id, product_id, quantity, unit_price, total_price) VALUES (164, 92, 5, 2, 115.33, 230.66);
INSERT INTO orders (id, invoice_number, customer_id, order_date, total_amount, payment_method, status) VALUES (93, 'INV-2026-0093', 25, '2025-10-05 22:44:00', 41.92, 'Card', 'Paid');
  INSERT INTO order_items (id, order_id, product_id, quantity, unit_price, total_price) VALUES (165, 93, 98, 2, 20.96, 41.92);
INSERT INTO orders (id, invoice_number, customer_id, order_date, total_amount, payment_method, status) VALUES (94, 'INV-2026-0094', 1, '2026-04-30 22:07:00', 1304.72, 'UPI', 'Paid');
  INSERT INTO order_items (id, order_id, product_id, quantity, unit_price, total_price) VALUES (166, 94, 1, 1, 1237.08, 1237.08);
  INSERT INTO order_items (id, order_id, product_id, quantity, unit_price, total_price) VALUES (167, 94, 24, 2, 4.21, 8.42);
  INSERT INTO order_items (id, order_id, product_id, quantity, unit_price, total_price) VALUES (168, 94, 77, 2, 29.61, 59.22);
INSERT INTO orders (id, invoice_number, customer_id, order_date, total_amount, payment_method, status) VALUES (95, 'INV-2026-0095', 45, '2025-12-26 11:15:00', 10.1, 'Net Banking', 'Paid');
  INSERT INTO order_items (id, order_id, product_id, quantity, unit_price, total_price) VALUES (169, 95, 82, 1, 10.1, 10.1);
INSERT INTO orders (id, invoice_number, customer_id, order_date, total_amount, payment_method, status) VALUES (96, 'INV-2026-0096', 3, '2025-08-27 09:40:00', 6.9, 'UPI', 'Paid');
  INSERT INTO order_items (id, order_id, product_id, quantity, unit_price, total_price) VALUES (170, 96, 87, 1, 6.9, 6.9);
INSERT INTO orders (id, invoice_number, customer_id, order_date, total_amount, payment_method, status) VALUES (97, 'INV-2026-0097', 30, '2025-08-20 19:53:00', 1174.86, 'Card', 'Pending');
  INSERT INTO order_items (id, order_id, product_id, quantity, unit_price, total_price) VALUES (171, 97, 2, 1, 1056.94, 1056.94);
  INSERT INTO order_items (id, order_id, product_id, quantity, unit_price, total_price) VALUES (172, 97, 71, 2, 55.37, 110.74);
  INSERT INTO order_items (id, order_id, product_id, quantity, unit_price, total_price) VALUES (173, 97, 33, 2, 3.59, 7.18);
INSERT INTO orders (id, invoice_number, customer_id, order_date, total_amount, payment_method, status) VALUES (98, 'INV-2026-0098', 12, '2026-03-23 02:10:00', 83.52, 'Card', 'Paid');
  INSERT INTO order_items (id, order_id, product_id, quantity, unit_price, total_price) VALUES (174, 98, 44, 3, 27.84, 83.52);
INSERT INTO orders (id, invoice_number, customer_id, order_date, total_amount, payment_method, status) VALUES (99, 'INV-2026-0099', 32, '2026-03-29 15:39:00', 311.57, 'Card', 'Pending');
  INSERT INTO order_items (id, order_id, product_id, quantity, unit_price, total_price) VALUES (175, 99, 77, 1, 29.61, 29.61);
  INSERT INTO order_items (id, order_id, product_id, quantity, unit_price, total_price) VALUES (176, 99, 60, 1, 4.88, 4.88);
  INSERT INTO order_items (id, order_id, product_id, quantity, unit_price, total_price) VALUES (177, 99, 15, 3, 92.36, 277.08);
INSERT INTO orders (id, invoice_number, customer_id, order_date, total_amount, payment_method, status) VALUES (100, 'INV-2026-0100', 6, '2026-06-14 13:01:00', 125.34, 'Cash', 'Pending');
  INSERT INTO order_items (id, order_id, product_id, quantity, unit_price, total_price) VALUES (178, 100, 56, 2, 11.96, 23.92);
  INSERT INTO order_items (id, order_id, product_id, quantity, unit_price, total_price) VALUES (179, 100, 52, 1, 16.19, 16.19);
  INSERT INTO order_items (id, order_id, product_id, quantity, unit_price, total_price) VALUES (180, 100, 67, 3, 28.41, 85.23);
INSERT INTO orders (id, invoice_number, customer_id, order_date, total_amount, payment_method, status) VALUES (101, 'INV-2026-0101', 45, '2025-11-12 05:45:00', 9.13, 'Cash', 'Paid');
  INSERT INTO order_items (id, order_id, product_id, quantity, unit_price, total_price) VALUES (181, 101, 51, 1, 9.13, 9.13);
INSERT INTO orders (id, invoice_number, customer_id, order_date, total_amount, payment_method, status) VALUES (102, 'INV-2026-0102', 18, '2026-03-16 12:58:00', 14.64, 'UPI', 'Paid');
  INSERT INTO order_items (id, order_id, product_id, quantity, unit_price, total_price) VALUES (182, 102, 60, 3, 4.88, 14.64);
INSERT INTO orders (id, invoice_number, customer_id, order_date, total_amount, payment_method, status) VALUES (103, 'INV-2026-0103', 47, '2025-08-29 20:39:00', 239.04, 'Cash', 'Pending');
  INSERT INTO order_items (id, order_id, product_id, quantity, unit_price, total_price) VALUES (183, 103, 74, 3, 79.68, 239.04000000000002);
INSERT INTO orders (id, invoice_number, customer_id, order_date, total_amount, payment_method, status) VALUES (104, 'INV-2026-0104', 2, '2025-12-27 20:20:00', 110.23, 'Cash', 'Paid');
  INSERT INTO order_items (id, order_id, product_id, quantity, unit_price, total_price) VALUES (184, 104, 67, 3, 28.41, 85.23);
  INSERT INTO order_items (id, order_id, product_id, quantity, unit_price, total_price) VALUES (185, 104, 69, 1, 13.78, 13.78);
  INSERT INTO order_items (id, order_id, product_id, quantity, unit_price, total_price) VALUES (186, 104, 32, 3, 3.74, 11.22);
INSERT INTO orders (id, invoice_number, customer_id, order_date, total_amount, payment_method, status) VALUES (105, 'INV-2026-0105', 24, '2026-01-26 09:38:00', 20.2, 'Card', 'Paid');
  INSERT INTO order_items (id, order_id, product_id, quantity, unit_price, total_price) VALUES (187, 105, 82, 2, 10.1, 20.2);
INSERT INTO orders (id, invoice_number, customer_id, order_date, total_amount, payment_method, status) VALUES (106, 'INV-2026-0106', 24, '2026-03-06 05:43:00', 10.1, 'Net Banking', 'Paid');
  INSERT INTO order_items (id, order_id, product_id, quantity, unit_price, total_price) VALUES (188, 106, 82, 1, 10.1, 10.1);
INSERT INTO orders (id, invoice_number, customer_id, order_date, total_amount, payment_method, status) VALUES (107, 'INV-2026-0107', 21, '2026-01-01 18:52:00', 59.31, 'UPI', 'Paid');
  INSERT INTO order_items (id, order_id, product_id, quantity, unit_price, total_price) VALUES (189, 107, 22, 2, 3.12, 6.24);
  INSERT INTO order_items (id, order_id, product_id, quantity, unit_price, total_price) VALUES (190, 107, 56, 3, 11.96, 35.88);
  INSERT INTO order_items (id, order_id, product_id, quantity, unit_price, total_price) VALUES (191, 107, 41, 3, 5.73, 17.19);
INSERT INTO orders (id, invoice_number, customer_id, order_date, total_amount, payment_method, status) VALUES (108, 'INV-2026-0108', 40, '2025-11-06 07:07:00', 347.31, 'Cash', 'Paid');
  INSERT INTO order_items (id, order_id, product_id, quantity, unit_price, total_price) VALUES (192, 108, 9, 3, 115.77, 347.31);
INSERT INTO orders (id, invoice_number, customer_id, order_date, total_amount, payment_method, status) VALUES (109, 'INV-2026-0109', 31, '2026-07-08 19:59:00', 18.6, 'Card', 'Cancelled');
  INSERT INTO order_items (id, order_id, product_id, quantity, unit_price, total_price) VALUES (193, 109, 85, 3, 6.2, 18.6);
INSERT INTO orders (id, invoice_number, customer_id, order_date, total_amount, payment_method, status) VALUES (110, 'INV-2026-0110', 18, '2026-05-17 22:47:00', 10.41, 'Net Banking', 'Paid');
  INSERT INTO order_items (id, order_id, product_id, quantity, unit_price, total_price) VALUES (194, 110, 38, 3, 3.47, 10.41);
INSERT INTO orders (id, invoice_number, customer_id, order_date, total_amount, payment_method, status) VALUES (111, 'INV-2026-0111', 40, '2025-07-28 07:41:00', 7.47, 'Cash', 'Cancelled');
  INSERT INTO order_items (id, order_id, product_id, quantity, unit_price, total_price) VALUES (195, 111, 92, 3, 2.49, 7.470000000000001);
INSERT INTO orders (id, invoice_number, customer_id, order_date, total_amount, payment_method, status) VALUES (112, 'INV-2026-0112', 46, '2025-10-13 04:46:00', 388.01, 'Cash', 'Paid');
  INSERT INTO order_items (id, order_id, product_id, quantity, unit_price, total_price) VALUES (196, 112, 65, 2, 107.39, 214.78);
  INSERT INTO order_items (id, order_id, product_id, quantity, unit_price, total_price) VALUES (197, 112, 25, 1, 12.1, 12.1);
  INSERT INTO order_items (id, order_id, product_id, quantity, unit_price, total_price) VALUES (198, 112, 76, 3, 53.71, 161.13);
INSERT INTO orders (id, invoice_number, customer_id, order_date, total_amount, payment_method, status) VALUES (113, 'INV-2026-0113', 21, '2025-12-22 16:16:00', 27.69, 'Card', 'Paid');
  INSERT INTO order_items (id, order_id, product_id, quantity, unit_price, total_price) VALUES (199, 113, 100, 3, 9.23, 27.69);
INSERT INTO orders (id, invoice_number, customer_id, order_date, total_amount, payment_method, status) VALUES (114, 'INV-2026-0114', 35, '2025-10-14 13:00:00', 23.9, 'Net Banking', 'Cancelled');
  INSERT INTO order_items (id, order_id, product_id, quantity, unit_price, total_price) VALUES (200, 114, 13, 1, 23.9, 23.9);
INSERT INTO orders (id, invoice_number, customer_id, order_date, total_amount, payment_method, status) VALUES (115, 'INV-2026-0115', 9, '2025-09-13 19:31:00', 3.74, 'UPI', 'Paid');
  INSERT INTO order_items (id, order_id, product_id, quantity, unit_price, total_price) VALUES (201, 115, 32, 1, 3.74, 3.74);
INSERT INTO orders (id, invoice_number, customer_id, order_date, total_amount, payment_method, status) VALUES (116, 'INV-2026-0116', 2, '2026-01-29 16:52:00', 7.28, 'Card', 'Pending');
  INSERT INTO order_items (id, order_id, product_id, quantity, unit_price, total_price) VALUES (202, 116, 81, 1, 7.28, 7.28);
INSERT INTO orders (id, invoice_number, customer_id, order_date, total_amount, payment_method, status) VALUES (117, 'INV-2026-0117', 12, '2025-09-07 22:35:00', 147.6, 'Card', 'Paid');
  INSERT INTO order_items (id, order_id, product_id, quantity, unit_price, total_price) VALUES (203, 117, 62, 3, 43.69, 131.07);
  INSERT INTO order_items (id, order_id, product_id, quantity, unit_price, total_price) VALUES (204, 117, 22, 3, 3.12, 9.36);
  INSERT INTO order_items (id, order_id, product_id, quantity, unit_price, total_price) VALUES (205, 117, 31, 3, 2.39, 7.17);
INSERT INTO orders (id, invoice_number, customer_id, order_date, total_amount, payment_method, status) VALUES (118, 'INV-2026-0118', 17, '2025-08-23 23:56:00', 15.51, 'Cash', 'Paid');
  INSERT INTO order_items (id, order_id, product_id, quantity, unit_price, total_price) VALUES (206, 118, 21, 3, 5.17, 15.51);
INSERT INTO orders (id, invoice_number, customer_id, order_date, total_amount, payment_method, status) VALUES (119, 'INV-2026-0119', 4, '2025-10-16 16:15:00', 6.2, 'Net Banking', 'Paid');
  INSERT INTO order_items (id, order_id, product_id, quantity, unit_price, total_price) VALUES (207, 119, 85, 1, 6.2, 6.2);
INSERT INTO orders (id, invoice_number, customer_id, order_date, total_amount, payment_method, status) VALUES (120, 'INV-2026-0120', 8, '2026-01-19 23:26:00', 902.16, 'Card', 'Paid');
  INSERT INTO order_items (id, order_id, product_id, quantity, unit_price, total_price) VALUES (208, 120, 95, 2, 1.26, 2.52);
  INSERT INTO order_items (id, order_id, product_id, quantity, unit_price, total_price) VALUES (209, 120, 12, 2, 441.27, 882.54);
  INSERT INTO order_items (id, order_id, product_id, quantity, unit_price, total_price) VALUES (210, 120, 70, 1, 17.1, 17.1);
INSERT INTO orders (id, invoice_number, customer_id, order_date, total_amount, payment_method, status) VALUES (121, 'INV-2026-0121', 13, '2025-08-17 10:04:00', 57.59, 'Cash', 'Pending');
  INSERT INTO order_items (id, order_id, product_id, quantity, unit_price, total_price) VALUES (211, 121, 66, 1, 57.59, 57.59);
INSERT INTO orders (id, invoice_number, customer_id, order_date, total_amount, payment_method, status) VALUES (122, 'INV-2026-0122', 29, '2025-08-02 16:59:00', 4.44, 'Card', 'Paid');
  INSERT INTO order_items (id, order_id, product_id, quantity, unit_price, total_price) VALUES (212, 122, 30, 1, 4.44, 4.44);
INSERT INTO orders (id, invoice_number, customer_id, order_date, total_amount, payment_method, status) VALUES (123, 'INV-2026-0123', 5, '2026-04-04 04:51:00', 18.18, 'Card', 'Paid');
  INSERT INTO order_items (id, order_id, product_id, quantity, unit_price, total_price) VALUES (213, 123, 42, 2, 9.09, 18.18);
INSERT INTO orders (id, invoice_number, customer_id, order_date, total_amount, payment_method, status) VALUES (124, 'INV-2026-0124', 26, '2026-02-21 18:50:00', 8.31, 'UPI', 'Paid');
  INSERT INTO order_items (id, order_id, product_id, quantity, unit_price, total_price) VALUES (214, 124, 53, 1, 8.31, 8.31);
INSERT INTO orders (id, invoice_number, customer_id, order_date, total_amount, payment_method, status) VALUES (125, 'INV-2026-0125', 49, '2025-08-10 06:14:00', 49.53, 'UPI', 'Cancelled');
  INSERT INTO order_items (id, order_id, product_id, quantity, unit_price, total_price) VALUES (215, 125, 79, 3, 16.51, 49.53);
INSERT INTO orders (id, invoice_number, customer_id, order_date, total_amount, payment_method, status) VALUES (126, 'INV-2026-0126', 8, '2025-07-21 01:38:00', 350.7, 'Card', 'Paid');
  INSERT INTO order_items (id, order_id, product_id, quantity, unit_price, total_price) VALUES (216, 126, 14, 1, 350.7, 350.7);
INSERT INTO orders (id, invoice_number, customer_id, order_date, total_amount, payment_method, status) VALUES (127, 'INV-2026-0127', 39, '2026-01-26 10:17:00', 214.78, 'Cash', 'Paid');
  INSERT INTO order_items (id, order_id, product_id, quantity, unit_price, total_price) VALUES (217, 127, 65, 2, 107.39, 214.78);
INSERT INTO orders (id, invoice_number, customer_id, order_date, total_amount, payment_method, status) VALUES (128, 'INV-2026-0128', 30, '2026-01-19 16:39:00', 4.62, 'Card', 'Cancelled');
  INSERT INTO order_items (id, order_id, product_id, quantity, unit_price, total_price) VALUES (218, 128, 28, 1, 4.62, 4.62);
INSERT INTO orders (id, invoice_number, customer_id, order_date, total_amount, payment_method, status) VALUES (129, 'INV-2026-0129', 46, '2026-04-08 01:03:00', 13.32, 'Cash', 'Cancelled');
  INSERT INTO order_items (id, order_id, product_id, quantity, unit_price, total_price) VALUES (219, 129, 30, 3, 4.44, 13.32);
INSERT INTO orders (id, invoice_number, customer_id, order_date, total_amount, payment_method, status) VALUES (130, 'INV-2026-0130', 38, '2025-08-26 17:30:00', 65.28, 'UPI', 'Paid');
  INSERT INTO order_items (id, order_id, product_id, quantity, unit_price, total_price) VALUES (220, 130, 28, 3, 4.62, 13.86);
  INSERT INTO order_items (id, order_id, product_id, quantity, unit_price, total_price) VALUES (221, 130, 96, 3, 3.52, 10.56);
  INSERT INTO order_items (id, order_id, product_id, quantity, unit_price, total_price) VALUES (222, 130, 43, 3, 13.62, 40.86);
INSERT INTO orders (id, invoice_number, customer_id, order_date, total_amount, payment_method, status) VALUES (131, 'INV-2026-0131', 18, '2026-05-05 17:14:00', 20.96, 'UPI', 'Cancelled');
  INSERT INTO order_items (id, order_id, product_id, quantity, unit_price, total_price) VALUES (223, 131, 98, 1, 20.96, 20.96);
INSERT INTO orders (id, invoice_number, customer_id, order_date, total_amount, payment_method, status) VALUES (132, 'INV-2026-0132', 27, '2026-04-30 18:03:00', 3.12, 'UPI', 'Pending');
  INSERT INTO order_items (id, order_id, product_id, quantity, unit_price, total_price) VALUES (224, 132, 22, 1, 3.12, 3.12);
INSERT INTO orders (id, invoice_number, customer_id, order_date, total_amount, payment_method, status) VALUES (133, 'INV-2026-0133', 8, '2026-02-04 02:53:00', 176.14, 'Net Banking', 'Paid');
  INSERT INTO order_items (id, order_id, product_id, quantity, unit_price, total_price) VALUES (225, 133, 77, 3, 29.61, 88.83);
  INSERT INTO order_items (id, order_id, product_id, quantity, unit_price, total_price) VALUES (226, 133, 57, 2, 17.93, 35.86);
  INSERT INTO order_items (id, order_id, product_id, quantity, unit_price, total_price) VALUES (227, 133, 61, 3, 17.15, 51.449999999999996);
INSERT INTO orders (id, invoice_number, customer_id, order_date, total_amount, payment_method, status) VALUES (134, 'INV-2026-0134', 24, '2025-10-20 22:32:00', 1379.4, 'UPI', 'Paid');
  INSERT INTO order_items (id, order_id, product_id, quantity, unit_price, total_price) VALUES (228, 134, 12, 3, 441.27, 1323.81);
  INSERT INTO order_items (id, order_id, product_id, quantity, unit_price, total_price) VALUES (229, 134, 37, 3, 4.72, 14.16);
  INSERT INTO order_items (id, order_id, product_id, quantity, unit_price, total_price) VALUES (230, 134, 26, 3, 13.81, 41.43);
INSERT INTO orders (id, invoice_number, customer_id, order_date, total_amount, payment_method, status) VALUES (135, 'INV-2026-0135', 9, '2026-05-11 05:20:00', 7.48, 'Cash', 'Paid');
  INSERT INTO order_items (id, order_id, product_id, quantity, unit_price, total_price) VALUES (231, 135, 32, 2, 3.74, 7.48);
INSERT INTO orders (id, invoice_number, customer_id, order_date, total_amount, payment_method, status) VALUES (136, 'INV-2026-0136', 10, '2025-10-19 09:23:00', 929.49, 'Net Banking', 'Paid');
  INSERT INTO order_items (id, order_id, product_id, quantity, unit_price, total_price) VALUES (232, 136, 28, 1, 4.62, 4.62);
  INSERT INTO order_items (id, order_id, product_id, quantity, unit_price, total_price) VALUES (233, 136, 12, 2, 441.27, 882.54);
  INSERT INTO order_items (id, order_id, product_id, quantity, unit_price, total_price) VALUES (234, 136, 64, 1, 42.33, 42.33);
INSERT INTO orders (id, invoice_number, customer_id, order_date, total_amount, payment_method, status) VALUES (137, 'INV-2026-0137', 16, '2025-08-29 08:12:00', 16.47, 'Net Banking', 'Paid');
  INSERT INTO order_items (id, order_id, product_id, quantity, unit_price, total_price) VALUES (235, 137, 84, 3, 5.49, 16.47);
INSERT INTO orders (id, invoice_number, customer_id, order_date, total_amount, payment_method, status) VALUES (138, 'INV-2026-0138', 1, '2025-11-24 05:59:00', 1149.94, 'UPI', 'Cancelled');
  INSERT INTO order_items (id, order_id, product_id, quantity, unit_price, total_price) VALUES (236, 138, 9, 2, 115.77, 231.54);
  INSERT INTO order_items (id, order_id, product_id, quantity, unit_price, total_price) VALUES (237, 138, 12, 2, 441.27, 882.54);
  INSERT INTO order_items (id, order_id, product_id, quantity, unit_price, total_price) VALUES (238, 138, 57, 2, 17.93, 35.86);
INSERT INTO orders (id, invoice_number, customer_id, order_date, total_amount, payment_method, status) VALUES (139, 'INV-2026-0139', 26, '2025-11-18 22:53:00', 1116.39, 'Cash', 'Paid');
  INSERT INTO order_items (id, order_id, product_id, quantity, unit_price, total_price) VALUES (239, 139, 10, 3, 372.13, 1116.3899999999999);
INSERT INTO orders (id, invoice_number, customer_id, order_date, total_amount, payment_method, status) VALUES (140, 'INV-2026-0140', 43, '2025-12-25 14:33:00', 22.35, 'UPI', 'Paid');
  INSERT INTO order_items (id, order_id, product_id, quantity, unit_price, total_price) VALUES (240, 140, 93, 3, 7.45, 22.35);
INSERT INTO orders (id, invoice_number, customer_id, order_date, total_amount, payment_method, status) VALUES (141, 'INV-2026-0141', 40, '2026-04-14 05:49:00', 21.56, 'Card', 'Pending');
  INSERT INTO order_items (id, order_id, product_id, quantity, unit_price, total_price) VALUES (241, 141, 27, 2, 10.78, 21.56);
INSERT INTO orders (id, invoice_number, customer_id, order_date, total_amount, payment_method, status) VALUES (142, 'INV-2026-0142', 41, '2026-02-25 00:21:00', 9.28, 'UPI', 'Cancelled');
  INSERT INTO order_items (id, order_id, product_id, quantity, unit_price, total_price) VALUES (242, 142, 46, 1, 9.28, 9.28);
INSERT INTO orders (id, invoice_number, customer_id, order_date, total_amount, payment_method, status) VALUES (143, 'INV-2026-0143', 7, '2026-06-03 22:48:00', 13.8, 'Cash', 'Paid');
  INSERT INTO order_items (id, order_id, product_id, quantity, unit_price, total_price) VALUES (243, 143, 87, 2, 6.9, 13.8);
INSERT INTO orders (id, invoice_number, customer_id, order_date, total_amount, payment_method, status) VALUES (144, 'INV-2026-0144', 35, '2025-08-14 10:24:00', 194.42, 'Net Banking', 'Paid');
  INSERT INTO order_items (id, order_id, product_id, quantity, unit_price, total_price) VALUES (244, 144, 55, 1, 11.15, 11.15);
  INSERT INTO order_items (id, order_id, product_id, quantity, unit_price, total_price) VALUES (245, 144, 68, 3, 33.38, 100.14000000000001);
  INSERT INTO order_items (id, order_id, product_id, quantity, unit_price, total_price) VALUES (246, 144, 80, 3, 27.71, 83.13);
INSERT INTO orders (id, invoice_number, customer_id, order_date, total_amount, payment_method, status) VALUES (145, 'INV-2026-0145', 41, '2025-10-07 05:19:00', 2267.77, 'Card', 'Paid');
  INSERT INTO order_items (id, order_id, product_id, quantity, unit_price, total_price) VALUES (247, 145, 76, 2, 53.71, 107.42);
  INSERT INTO order_items (id, order_id, product_id, quantity, unit_price, total_price) VALUES (248, 145, 49, 3, 15.49, 46.47);
  INSERT INTO order_items (id, order_id, product_id, quantity, unit_price, total_price) VALUES (249, 145, 2, 2, 1056.94, 2113.88);
INSERT INTO orders (id, invoice_number, customer_id, order_date, total_amount, payment_method, status) VALUES (146, 'INV-2026-0146', 13, '2026-01-05 17:29:00', 115.18, 'Card', 'Paid');
  INSERT INTO order_items (id, order_id, product_id, quantity, unit_price, total_price) VALUES (250, 146, 66, 2, 57.59, 115.18);
INSERT INTO orders (id, invoice_number, customer_id, order_date, total_amount, payment_method, status) VALUES (147, 'INV-2026-0147', 41, '2025-10-30 03:43:00', 386.84, 'UPI', 'Paid');
  INSERT INTO order_items (id, order_id, product_id, quantity, unit_price, total_price) VALUES (251, 147, 88, 2, 8.77, 17.54);
  INSERT INTO order_items (id, order_id, product_id, quantity, unit_price, total_price) VALUES (252, 147, 85, 3, 6.2, 18.6);
  INSERT INTO order_items (id, order_id, product_id, quantity, unit_price, total_price) VALUES (253, 147, 14, 1, 350.7, 350.7);
INSERT INTO orders (id, invoice_number, customer_id, order_date, total_amount, payment_method, status) VALUES (148, 'INV-2026-0148', 46, '2026-02-14 09:09:00', 13.78, 'Cash', 'Paid');
  INSERT INTO order_items (id, order_id, product_id, quantity, unit_price, total_price) VALUES (254, 148, 69, 1, 13.78, 13.78);
INSERT INTO orders (id, invoice_number, customer_id, order_date, total_amount, payment_method, status) VALUES (149, 'INV-2026-0149', 3, '2026-06-27 22:50:00', 24.54, 'UPI', 'Paid');
  INSERT INTO order_items (id, order_id, product_id, quantity, unit_price, total_price) VALUES (255, 149, 29, 3, 8.18, 24.54);
INSERT INTO orders (id, invoice_number, customer_id, order_date, total_amount, payment_method, status) VALUES (150, 'INV-2026-0150', 36, '2026-01-30 22:27:00', 48.84, 'UPI', 'Paid');
  INSERT INTO order_items (id, order_id, product_id, quantity, unit_price, total_price) VALUES (256, 150, 87, 3, 6.9, 20.700000000000003);
  INSERT INTO order_items (id, order_id, product_id, quantity, unit_price, total_price) VALUES (257, 150, 33, 2, 3.59, 7.18);
  INSERT INTO order_items (id, order_id, product_id, quantity, unit_price, total_price) VALUES (258, 150, 98, 1, 20.96, 20.96);
INSERT INTO orders (id, invoice_number, customer_id, order_date, total_amount, payment_method, status) VALUES (151, 'INV-2026-0151', 19, '2025-10-29 22:44:00', 53.04, 'Cash', 'Paid');
  INSERT INTO order_items (id, order_id, product_id, quantity, unit_price, total_price) VALUES (259, 151, 63, 1, 53.04, 53.04);
INSERT INTO orders (id, invoice_number, customer_id, order_date, total_amount, payment_method, status) VALUES (152, 'INV-2026-0152', 16, '2026-05-30 19:11:00', 179.31, 'Cash', 'Paid');
  INSERT INTO order_items (id, order_id, product_id, quantity, unit_price, total_price) VALUES (260, 152, 11, 3, 59.77, 179.31);
INSERT INTO orders (id, invoice_number, customer_id, order_date, total_amount, payment_method, status) VALUES (153, 'INV-2026-0153', 11, '2026-04-10 06:41:00', 11.2, 'Cash', 'Cancelled');
  INSERT INTO order_items (id, order_id, product_id, quantity, unit_price, total_price) VALUES (261, 153, 23, 2, 5.6, 11.2);
INSERT INTO orders (id, invoice_number, customer_id, order_date, total_amount, payment_method, status) VALUES (154, 'INV-2026-0154', 19, '2025-09-04 04:00:00', 267.35, 'UPI', 'Pending');
  INSERT INTO order_items (id, order_id, product_id, quantity, unit_price, total_price) VALUES (262, 154, 28, 3, 4.62, 13.86);
  INSERT INTO order_items (id, order_id, product_id, quantity, unit_price, total_price) VALUES (263, 154, 71, 3, 55.37, 166.10999999999999);
  INSERT INTO order_items (id, order_id, product_id, quantity, unit_price, total_price) VALUES (264, 154, 62, 2, 43.69, 87.38);
INSERT INTO orders (id, invoice_number, customer_id, order_date, total_amount, payment_method, status) VALUES (155, 'INV-2026-0155', 2, '2025-11-05 14:05:00', 8.31, 'Net Banking', 'Paid');
  INSERT INTO order_items (id, order_id, product_id, quantity, unit_price, total_price) VALUES (265, 155, 53, 1, 8.31, 8.31);
INSERT INTO orders (id, invoice_number, customer_id, order_date, total_amount, payment_method, status) VALUES (156, 'INV-2026-0156', 3, '2025-12-08 12:34:00', 159.06, 'Cash', 'Paid');
  INSERT INTO order_items (id, order_id, product_id, quantity, unit_price, total_price) VALUES (266, 156, 28, 2, 4.62, 9.24);
  INSERT INTO order_items (id, order_id, product_id, quantity, unit_price, total_price) VALUES (267, 156, 72, 2, 32.58, 65.16);
  INSERT INTO order_items (id, order_id, product_id, quantity, unit_price, total_price) VALUES (268, 156, 64, 2, 42.33, 84.66);
INSERT INTO orders (id, invoice_number, customer_id, order_date, total_amount, payment_method, status) VALUES (157, 'INV-2026-0157', 48, '2025-11-26 22:34:00', 39.66, 'UPI', 'Pending');
  INSERT INTO order_items (id, order_id, product_id, quantity, unit_price, total_price) VALUES (269, 157, 93, 3, 7.45, 22.35);
  INSERT INTO order_items (id, order_id, product_id, quantity, unit_price, total_price) VALUES (270, 157, 35, 1, 3.76, 3.76);
  INSERT INTO order_items (id, order_id, product_id, quantity, unit_price, total_price) VALUES (271, 157, 50, 1, 13.55, 13.55);
INSERT INTO orders (id, invoice_number, customer_id, order_date, total_amount, payment_method, status) VALUES (158, 'INV-2026-0158', 49, '2025-08-28 19:41:00', 33.02, 'Net Banking', 'Paid');
  INSERT INTO order_items (id, order_id, product_id, quantity, unit_price, total_price) VALUES (272, 158, 79, 2, 16.51, 33.02);
INSERT INTO orders (id, invoice_number, customer_id, order_date, total_amount, payment_method, status) VALUES (159, 'INV-2026-0159', 29, '2026-06-24 11:19:00', 18.26, 'UPI', 'Cancelled');
  INSERT INTO order_items (id, order_id, product_id, quantity, unit_price, total_price) VALUES (273, 159, 51, 2, 9.13, 18.26);
INSERT INTO orders (id, invoice_number, customer_id, order_date, total_amount, payment_method, status) VALUES (160, 'INV-2026-0160', 21, '2025-10-23 23:00:00', 65.16, 'Net Banking', 'Paid');
  INSERT INTO order_items (id, order_id, product_id, quantity, unit_price, total_price) VALUES (274, 160, 72, 2, 32.58, 65.16);
INSERT INTO orders (id, invoice_number, customer_id, order_date, total_amount, payment_method, status) VALUES (161, 'INV-2026-0161', 46, '2026-05-17 22:42:00', 793.15, 'Net Banking', 'Pending');
  INSERT INTO order_items (id, order_id, product_id, quantity, unit_price, total_price) VALUES (275, 161, 10, 2, 372.13, 744.26);
  INSERT INTO order_items (id, order_id, product_id, quantity, unit_price, total_price) VALUES (276, 161, 21, 3, 5.17, 15.51);
  INSERT INTO order_items (id, order_id, product_id, quantity, unit_price, total_price) VALUES (277, 161, 68, 1, 33.38, 33.38);
INSERT INTO orders (id, invoice_number, customer_id, order_date, total_amount, payment_method, status) VALUES (162, 'INV-2026-0162', 44, '2025-08-13 22:55:00', 2474.16, 'Cash', 'Pending');
  INSERT INTO order_items (id, order_id, product_id, quantity, unit_price, total_price) VALUES (278, 162, 1, 2, 1237.08, 2474.16);
INSERT INTO orders (id, invoice_number, customer_id, order_date, total_amount, payment_method, status) VALUES (163, 'INV-2026-0163', 13, '2026-05-08 14:01:00', 28.56, 'Net Banking', 'Paid');
  INSERT INTO order_items (id, order_id, product_id, quantity, unit_price, total_price) VALUES (279, 163, 73, 1, 28.56, 28.56);
INSERT INTO orders (id, invoice_number, customer_id, order_date, total_amount, payment_method, status) VALUES (164, 'INV-2026-0164', 3, '2026-06-21 12:38:00', 112.94, 'UPI', 'Paid');
  INSERT INTO order_items (id, order_id, product_id, quantity, unit_price, total_price) VALUES (280, 164, 68, 2, 33.38, 66.76);
  INSERT INTO order_items (id, order_id, product_id, quantity, unit_price, total_price) VALUES (281, 164, 26, 2, 13.81, 27.62);
  INSERT INTO order_items (id, order_id, product_id, quantity, unit_price, total_price) VALUES (282, 164, 46, 2, 9.28, 18.56);
INSERT INTO orders (id, invoice_number, customer_id, order_date, total_amount, payment_method, status) VALUES (165, 'INV-2026-0165', 19, '2026-04-05 10:42:00', 85.96, 'Cash', 'Paid');
  INSERT INTO order_items (id, order_id, product_id, quantity, unit_price, total_price) VALUES (283, 165, 19, 1, 85.96, 85.96);
INSERT INTO orders (id, invoice_number, customer_id, order_date, total_amount, payment_method, status) VALUES (166, 'INV-2026-0166', 43, '2026-03-12 14:03:00', 214.78, 'UPI', 'Pending');
  INSERT INTO order_items (id, order_id, product_id, quantity, unit_price, total_price) VALUES (284, 166, 65, 2, 107.39, 214.78);
INSERT INTO orders (id, invoice_number, customer_id, order_date, total_amount, payment_method, status) VALUES (167, 'INV-2026-0167', 47, '2025-10-30 11:54:00', 3873.93, 'UPI', 'Pending');
  INSERT INTO order_items (id, order_id, product_id, quantity, unit_price, total_price) VALUES (285, 167, 64, 3, 42.33, 126.99);
  INSERT INTO order_items (id, order_id, product_id, quantity, unit_price, total_price) VALUES (286, 167, 1, 3, 1237.08, 3711.24);
  INSERT INTO order_items (id, order_id, product_id, quantity, unit_price, total_price) VALUES (287, 167, 40, 3, 11.9, 35.7);
INSERT INTO orders (id, invoice_number, customer_id, order_date, total_amount, payment_method, status) VALUES (168, 'INV-2026-0168', 40, '2026-03-07 16:55:00', 9.24, 'Card', 'Paid');
  INSERT INTO order_items (id, order_id, product_id, quantity, unit_price, total_price) VALUES (288, 168, 28, 2, 4.62, 9.24);
INSERT INTO orders (id, invoice_number, customer_id, order_date, total_amount, payment_method, status) VALUES (169, 'INV-2026-0169', 13, '2026-02-24 09:04:00', 27.69, 'Cash', 'Pending');
  INSERT INTO order_items (id, order_id, product_id, quantity, unit_price, total_price) VALUES (289, 169, 100, 3, 9.23, 27.69);
INSERT INTO orders (id, invoice_number, customer_id, order_date, total_amount, payment_method, status) VALUES (170, 'INV-2026-0170', 12, '2025-09-11 20:28:00', 90.87, 'UPI', 'Paid');
  INSERT INTO order_items (id, order_id, product_id, quantity, unit_price, total_price) VALUES (290, 170, 88, 2, 8.77, 17.54);
  INSERT INTO order_items (id, order_id, product_id, quantity, unit_price, total_price) VALUES (291, 170, 77, 1, 29.61, 29.61);
  INSERT INTO order_items (id, order_id, product_id, quantity, unit_price, total_price) VALUES (292, 170, 78, 2, 21.86, 43.72);
INSERT INTO orders (id, invoice_number, customer_id, order_date, total_amount, payment_method, status) VALUES (171, 'INV-2026-0171', 17, '2026-05-01 03:49:00', 2474.16, 'UPI', 'Cancelled');
  INSERT INTO order_items (id, order_id, product_id, quantity, unit_price, total_price) VALUES (293, 171, 1, 2, 1237.08, 2474.16);
INSERT INTO orders (id, invoice_number, customer_id, order_date, total_amount, payment_method, status) VALUES (172, 'INV-2026-0172', 45, '2025-08-12 07:51:00', 100.14, 'UPI', 'Paid');
  INSERT INTO order_items (id, order_id, product_id, quantity, unit_price, total_price) VALUES (294, 172, 68, 3, 33.38, 100.14000000000001);
INSERT INTO orders (id, invoice_number, customer_id, order_date, total_amount, payment_method, status) VALUES (173, 'INV-2026-0173', 49, '2026-02-01 09:27:00', 6.2, 'Net Banking', 'Paid');
  INSERT INTO order_items (id, order_id, product_id, quantity, unit_price, total_price) VALUES (295, 173, 85, 1, 6.2, 6.2);
INSERT INTO orders (id, invoice_number, customer_id, order_date, total_amount, payment_method, status) VALUES (174, 'INV-2026-0174', 5, '2026-03-15 05:46:00', 45.76, 'Cash', 'Cancelled');
  INSERT INTO order_items (id, order_id, product_id, quantity, unit_price, total_price) VALUES (296, 174, 58, 2, 22.88, 45.76);
INSERT INTO orders (id, invoice_number, customer_id, order_date, total_amount, payment_method, status) VALUES (175, 'INV-2026-0175', 35, '2025-08-26 17:22:00', 115.18, 'Cash', 'Paid');
  INSERT INTO order_items (id, order_id, product_id, quantity, unit_price, total_price) VALUES (297, 175, 66, 2, 57.59, 115.18);
INSERT INTO orders (id, invoice_number, customer_id, order_date, total_amount, payment_method, status) VALUES (176, 'INV-2026-0176', 28, '2025-11-12 13:40:00', 79.68, 'UPI', 'Paid');
  INSERT INTO order_items (id, order_id, product_id, quantity, unit_price, total_price) VALUES (298, 176, 74, 1, 79.68, 79.68);
INSERT INTO orders (id, invoice_number, customer_id, order_date, total_amount, payment_method, status) VALUES (177, 'INV-2026-0177', 20, '2025-10-26 19:30:00', 1056.94, 'Net Banking', 'Pending');
  INSERT INTO order_items (id, order_id, product_id, quantity, unit_price, total_price) VALUES (299, 177, 2, 1, 1056.94, 1056.94);
INSERT INTO orders (id, invoice_number, customer_id, order_date, total_amount, payment_method, status) VALUES (178, 'INV-2026-0178', 25, '2026-01-13 13:22:00', 11.2, 'UPI', 'Paid');
  INSERT INTO order_items (id, order_id, product_id, quantity, unit_price, total_price) VALUES (300, 178, 23, 2, 5.6, 11.2);
INSERT INTO orders (id, invoice_number, customer_id, order_date, total_amount, payment_method, status) VALUES (179, 'INV-2026-0179', 37, '2025-10-06 00:37:00', 49.53, 'UPI', 'Paid');
  INSERT INTO order_items (id, order_id, product_id, quantity, unit_price, total_price) VALUES (301, 179, 79, 3, 16.51, 49.53);
INSERT INTO orders (id, invoice_number, customer_id, order_date, total_amount, payment_method, status) VALUES (180, 'INV-2026-0180', 34, '2025-11-30 20:15:00', 59.77, 'UPI', 'Paid');
  INSERT INTO order_items (id, order_id, product_id, quantity, unit_price, total_price) VALUES (302, 180, 11, 1, 59.77, 59.77);
INSERT INTO orders (id, invoice_number, customer_id, order_date, total_amount, payment_method, status) VALUES (181, 'INV-2026-0181', 44, '2025-08-11 11:28:00', 9.76, 'Net Banking', 'Paid');
  INSERT INTO order_items (id, order_id, product_id, quantity, unit_price, total_price) VALUES (303, 181, 60, 2, 4.88, 9.76);
INSERT INTO orders (id, invoice_number, customer_id, order_date, total_amount, payment_method, status) VALUES (182, 'INV-2026-0182', 34, '2026-03-31 08:37:00', 166.11, 'Net Banking', 'Cancelled');
  INSERT INTO order_items (id, order_id, product_id, quantity, unit_price, total_price) VALUES (304, 182, 71, 3, 55.37, 166.10999999999999);
INSERT INTO orders (id, invoice_number, customer_id, order_date, total_amount, payment_method, status) VALUES (183, 'INV-2026-0183', 2, '2026-05-06 17:41:00', 217.12, 'UPI', 'Paid');
  INSERT INTO order_items (id, order_id, product_id, quantity, unit_price, total_price) VALUES (305, 183, 98, 2, 20.96, 41.92);
  INSERT INTO order_items (id, order_id, product_id, quantity, unit_price, total_price) VALUES (306, 183, 42, 1, 9.09, 9.09);
  INSERT INTO order_items (id, order_id, product_id, quantity, unit_price, total_price) VALUES (307, 183, 71, 3, 55.37, 166.10999999999999);
INSERT INTO orders (id, invoice_number, customer_id, order_date, total_amount, payment_method, status) VALUES (184, 'INV-2026-0184', 20, '2025-09-11 06:13:00', 443.74, 'Net Banking', 'Paid');
  INSERT INTO order_items (id, order_id, product_id, quantity, unit_price, total_price) VALUES (308, 184, 17, 2, 221.87, 443.74);
INSERT INTO orders (id, invoice_number, customer_id, order_date, total_amount, payment_method, status) VALUES (185, 'INV-2026-0185', 4, '2026-02-19 17:44:00', 180.7, 'UPI', 'Paid');
  INSERT INTO order_items (id, order_id, product_id, quantity, unit_price, total_price) VALUES (309, 185, 57, 1, 17.93, 17.93);
  INSERT INTO order_items (id, order_id, product_id, quantity, unit_price, total_price) VALUES (310, 185, 8, 3, 48.86, 146.57999999999998);
  INSERT INTO order_items (id, order_id, product_id, quantity, unit_price, total_price) VALUES (311, 185, 52, 1, 16.19, 16.19);
INSERT INTO orders (id, invoice_number, customer_id, order_date, total_amount, payment_method, status) VALUES (186, 'INV-2026-0186', 49, '2025-11-15 12:24:00', 3.12, 'UPI', 'Pending');
  INSERT INTO order_items (id, order_id, product_id, quantity, unit_price, total_price) VALUES (312, 186, 22, 1, 3.12, 3.12);
INSERT INTO orders (id, invoice_number, customer_id, order_date, total_amount, payment_method, status) VALUES (187, 'INV-2026-0187', 47, '2026-06-15 06:28:00', 13.55, 'Cash', 'Cancelled');
  INSERT INTO order_items (id, order_id, product_id, quantity, unit_price, total_price) VALUES (313, 187, 50, 1, 13.55, 13.55);
INSERT INTO orders (id, invoice_number, customer_id, order_date, total_amount, payment_method, status) VALUES (188, 'INV-2026-0188', 27, '2025-09-09 17:06:00', 12.4, 'UPI', 'Paid');
  INSERT INTO order_items (id, order_id, product_id, quantity, unit_price, total_price) VALUES (314, 188, 85, 2, 6.2, 12.4);
INSERT INTO orders (id, invoice_number, customer_id, order_date, total_amount, payment_method, status) VALUES (189, 'INV-2026-0189', 41, '2025-11-10 00:43:00', 7.17, 'Net Banking', 'Cancelled');
  INSERT INTO order_items (id, order_id, product_id, quantity, unit_price, total_price) VALUES (315, 189, 31, 3, 2.39, 7.17);
INSERT INTO orders (id, invoice_number, customer_id, order_date, total_amount, payment_method, status) VALUES (190, 'INV-2026-0190', 49, '2025-09-07 06:50:00', 39.18, 'Cash', 'Paid');
  INSERT INTO order_items (id, order_id, product_id, quantity, unit_price, total_price) VALUES (316, 190, 24, 3, 4.21, 12.629999999999999);
  INSERT INTO order_items (id, order_id, product_id, quantity, unit_price, total_price) VALUES (317, 190, 22, 3, 3.12, 9.36);
  INSERT INTO order_items (id, order_id, product_id, quantity, unit_price, total_price) VALUES (318, 190, 41, 3, 5.73, 17.19);
INSERT INTO orders (id, invoice_number, customer_id, order_date, total_amount, payment_method, status) VALUES (191, 'INV-2026-0191', 47, '2026-05-11 23:54:00', 1171.48, 'Cash', 'Paid');
  INSERT INTO order_items (id, order_id, product_id, quantity, unit_price, total_price) VALUES (319, 191, 4, 3, 354.97, 1064.91);
  INSERT INTO order_items (id, order_id, product_id, quantity, unit_price, total_price) VALUES (320, 191, 62, 1, 43.69, 43.69);
  INSERT INTO order_items (id, order_id, product_id, quantity, unit_price, total_price) VALUES (321, 191, 98, 3, 20.96, 62.88);
INSERT INTO orders (id, invoice_number, customer_id, order_date, total_amount, payment_method, status) VALUES (192, 'INV-2026-0192', 28, '2026-03-19 22:05:00', 7.48, 'Card', 'Paid');
  INSERT INTO order_items (id, order_id, product_id, quantity, unit_price, total_price) VALUES (322, 192, 32, 2, 3.74, 7.48);
INSERT INTO orders (id, invoice_number, customer_id, order_date, total_amount, payment_method, status) VALUES (193, 'INV-2026-0193', 18, '2026-04-13 18:18:00', 373.95, 'Cash', 'Cancelled');
  INSERT INTO order_items (id, order_id, product_id, quantity, unit_price, total_price) VALUES (323, 193, 4, 1, 354.97, 354.97);
  INSERT INTO order_items (id, order_id, product_id, quantity, unit_price, total_price) VALUES (324, 193, 30, 2, 4.44, 8.88);
  INSERT INTO order_items (id, order_id, product_id, quantity, unit_price, total_price) VALUES (325, 193, 82, 1, 10.1, 10.1);
INSERT INTO orders (id, invoice_number, customer_id, order_date, total_amount, payment_method, status) VALUES (194, 'INV-2026-0194', 49, '2026-02-28 13:18:00', 13.62, 'Net Banking', 'Paid');
  INSERT INTO order_items (id, order_id, product_id, quantity, unit_price, total_price) VALUES (326, 194, 43, 1, 13.62, 13.62);
INSERT INTO orders (id, invoice_number, customer_id, order_date, total_amount, payment_method, status) VALUES (195, 'INV-2026-0195', 50, '2025-11-30 12:35:00', 16.11, 'Cash', 'Paid');
  INSERT INTO order_items (id, order_id, product_id, quantity, unit_price, total_price) VALUES (327, 195, 45, 1, 16.11, 16.11);
INSERT INTO orders (id, invoice_number, customer_id, order_date, total_amount, payment_method, status) VALUES (196, 'INV-2026-0196', 11, '2025-12-02 03:53:00', 10.41, 'Net Banking', 'Paid');
  INSERT INTO order_items (id, order_id, product_id, quantity, unit_price, total_price) VALUES (328, 196, 38, 3, 3.47, 10.41);
INSERT INTO orders (id, invoice_number, customer_id, order_date, total_amount, payment_method, status) VALUES (197, 'INV-2026-0197', 7, '2025-07-29 13:08:00', 85.68, 'UPI', 'Pending');
  INSERT INTO order_items (id, order_id, product_id, quantity, unit_price, total_price) VALUES (329, 197, 73, 3, 28.56, 85.67999999999999);
INSERT INTO orders (id, invoice_number, customer_id, order_date, total_amount, payment_method, status) VALUES (198, 'INV-2026-0198', 35, '2025-07-21 09:08:00', 243.69, 'Net Banking', 'Paid');
  INSERT INTO order_items (id, order_id, product_id, quantity, unit_price, total_price) VALUES (330, 198, 47, 1, 5.55, 5.55);
  INSERT INTO order_items (id, order_id, product_id, quantity, unit_price, total_price) VALUES (331, 198, 5, 2, 115.33, 230.66);
  INSERT INTO order_items (id, order_id, product_id, quantity, unit_price, total_price) VALUES (332, 198, 32, 2, 3.74, 7.48);
INSERT INTO orders (id, invoice_number, customer_id, order_date, total_amount, payment_method, status) VALUES (199, 'INV-2026-0199', 22, '2025-11-24 07:38:00', 68.64, 'Net Banking', 'Cancelled');
  INSERT INTO order_items (id, order_id, product_id, quantity, unit_price, total_price) VALUES (333, 199, 58, 3, 22.88, 68.64);
INSERT INTO orders (id, invoice_number, customer_id, order_date, total_amount, payment_method, status) VALUES (200, 'INV-2026-0200', 48, '2025-12-24 09:01:00', 15.51, 'Net Banking', 'Paid');
  INSERT INTO order_items (id, order_id, product_id, quantity, unit_price, total_price) VALUES (334, 200, 21, 3, 5.17, 15.51);
INSERT INTO orders (id, invoice_number, customer_id, order_date, total_amount, payment_method, status) VALUES (201, 'INV-2026-0201', 27, '2025-08-11 05:07:00', 3177.53, 'Net Banking', 'Pending');
  INSERT INTO order_items (id, order_id, product_id, quantity, unit_price, total_price) VALUES (335, 201, 33, 1, 3.59, 3.59);
  INSERT INTO order_items (id, order_id, product_id, quantity, unit_price, total_price) VALUES (336, 201, 22, 1, 3.12, 3.12);
  INSERT INTO order_items (id, order_id, product_id, quantity, unit_price, total_price) VALUES (337, 201, 2, 3, 1056.94, 3170.82);
INSERT INTO orders (id, invoice_number, customer_id, order_date, total_amount, payment_method, status) VALUES (202, 'INV-2026-0202', 50, '2026-02-20 10:15:00', 289.7, 'UPI', 'Cancelled');
  INSERT INTO order_items (id, order_id, product_id, quantity, unit_price, total_price) VALUES (338, 202, 15, 3, 92.36, 277.08);
  INSERT INTO order_items (id, order_id, product_id, quantity, unit_price, total_price) VALUES (339, 202, 30, 2, 4.44, 8.88);
  INSERT INTO order_items (id, order_id, product_id, quantity, unit_price, total_price) VALUES (340, 202, 32, 1, 3.74, 3.74);
INSERT INTO orders (id, invoice_number, customer_id, order_date, total_amount, payment_method, status) VALUES (203, 'INV-2026-0203', 4, '2026-02-28 07:25:00', 5.88, 'Net Banking', 'Pending');
  INSERT INTO order_items (id, order_id, product_id, quantity, unit_price, total_price) VALUES (341, 203, 36, 3, 1.96, 5.88);
INSERT INTO orders (id, invoice_number, customer_id, order_date, total_amount, payment_method, status) VALUES (204, 'INV-2026-0204', 43, '2026-06-03 23:45:00', 29.61, 'Cash', 'Cancelled');
  INSERT INTO order_items (id, order_id, product_id, quantity, unit_price, total_price) VALUES (342, 204, 77, 1, 29.61, 29.61);
INSERT INTO orders (id, invoice_number, customer_id, order_date, total_amount, payment_method, status) VALUES (205, 'INV-2026-0205', 5, '2026-06-17 03:16:00', 22.35, 'Card', 'Pending');
  INSERT INTO order_items (id, order_id, product_id, quantity, unit_price, total_price) VALUES (343, 205, 93, 3, 7.45, 22.35);
INSERT INTO orders (id, invoice_number, customer_id, order_date, total_amount, payment_method, status) VALUES (206, 'INV-2026-0206', 16, '2026-02-12 04:20:00', 184.72, 'Card', 'Paid');
  INSERT INTO order_items (id, order_id, product_id, quantity, unit_price, total_price) VALUES (344, 206, 15, 2, 92.36, 184.72);
INSERT INTO orders (id, invoice_number, customer_id, order_date, total_amount, payment_method, status) VALUES (207, 'INV-2026-0207', 31, '2026-02-19 08:12:00', 118.83, 'UPI', 'Paid');
  INSERT INTO order_items (id, order_id, product_id, quantity, unit_price, total_price) VALUES (345, 207, 24, 1, 4.21, 4.21);
  INSERT INTO order_items (id, order_id, product_id, quantity, unit_price, total_price) VALUES (346, 207, 43, 2, 13.62, 27.24);
  INSERT INTO order_items (id, order_id, product_id, quantity, unit_price, total_price) VALUES (347, 207, 62, 2, 43.69, 87.38);
INSERT INTO orders (id, invoice_number, customer_id, order_date, total_amount, payment_method, status) VALUES (208, 'INV-2026-0208', 23, '2026-01-09 15:34:00', 10.78, 'Cash', 'Paid');
  INSERT INTO order_items (id, order_id, product_id, quantity, unit_price, total_price) VALUES (348, 208, 27, 1, 10.78, 10.78);
INSERT INTO orders (id, invoice_number, customer_id, order_date, total_amount, payment_method, status) VALUES (209, 'INV-2026-0209', 35, '2026-03-09 17:41:00', 469.7, 'Cash', 'Paid');
  INSERT INTO order_items (id, order_id, product_id, quantity, unit_price, total_price) VALUES (349, 209, 5, 2, 115.33, 230.66);
  INSERT INTO order_items (id, order_id, product_id, quantity, unit_price, total_price) VALUES (350, 209, 74, 2, 79.68, 159.36);
  INSERT INTO order_items (id, order_id, product_id, quantity, unit_price, total_price) VALUES (351, 209, 74, 1, 79.68, 79.68);
INSERT INTO orders (id, invoice_number, customer_id, order_date, total_amount, payment_method, status) VALUES (210, 'INV-2026-0210', 26, '2026-04-16 07:55:00', 11.28, 'Cash', 'Pending');
  INSERT INTO order_items (id, order_id, product_id, quantity, unit_price, total_price) VALUES (352, 210, 35, 3, 3.76, 11.28);
INSERT INTO orders (id, invoice_number, customer_id, order_date, total_amount, payment_method, status) VALUES (211, 'INV-2026-0211', 25, '2025-09-23 03:28:00', 60.18, 'Card', 'Paid');
  INSERT INTO order_items (id, order_id, product_id, quantity, unit_price, total_price) VALUES (353, 211, 99, 3, 20.06, 60.17999999999999);
INSERT INTO orders (id, invoice_number, customer_id, order_date, total_amount, payment_method, status) VALUES (212, 'INV-2026-0212', 8, '2025-08-03 11:28:00', 2538.79, 'Cash', 'Paid');
  INSERT INTO order_items (id, order_id, product_id, quantity, unit_price, total_price) VALUES (354, 212, 97, 3, 10.75, 32.25);
  INSERT INTO order_items (id, order_id, product_id, quantity, unit_price, total_price) VALUES (355, 212, 1, 2, 1237.08, 2474.16);
  INSERT INTO order_items (id, order_id, product_id, quantity, unit_price, total_price) VALUES (356, 212, 52, 2, 16.19, 32.38);
INSERT INTO orders (id, invoice_number, customer_id, order_date, total_amount, payment_method, status) VALUES (213, 'INV-2026-0213', 42, '2026-02-22 16:59:00', 243.2, 'UPI', 'Cancelled');
  INSERT INTO order_items (id, order_id, product_id, quantity, unit_price, total_price) VALUES (357, 213, 74, 2, 79.68, 159.36);
  INSERT INTO order_items (id, order_id, product_id, quantity, unit_price, total_price) VALUES (358, 213, 98, 1, 20.96, 20.96);
  INSERT INTO order_items (id, order_id, product_id, quantity, unit_price, total_price) VALUES (359, 213, 98, 3, 20.96, 62.88);
INSERT INTO orders (id, invoice_number, customer_id, order_date, total_amount, payment_method, status) VALUES (214, 'INV-2026-0214', 39, '2026-04-07 23:43:00', 268.89, 'UPI', 'Pending');
  INSERT INTO order_items (id, order_id, product_id, quantity, unit_price, total_price) VALUES (360, 214, 6, 3, 89.63, 268.89);
INSERT INTO orders (id, invoice_number, customer_id, order_date, total_amount, payment_method, status) VALUES (215, 'INV-2026-0215', 36, '2026-01-10 22:27:00', 51.89, 'Net Banking', 'Paid');
  INSERT INTO order_items (id, order_id, product_id, quantity, unit_price, total_price) VALUES (361, 215, 34, 3, 10.97, 32.910000000000004);
  INSERT INTO order_items (id, order_id, product_id, quantity, unit_price, total_price) VALUES (362, 215, 38, 1, 3.47, 3.47);
  INSERT INTO order_items (id, order_id, product_id, quantity, unit_price, total_price) VALUES (363, 215, 21, 3, 5.17, 15.51);
INSERT INTO orders (id, invoice_number, customer_id, order_date, total_amount, payment_method, status) VALUES (216, 'INV-2026-0216', 12, '2026-04-24 02:31:00', 87.38, 'UPI', 'Paid');
  INSERT INTO order_items (id, order_id, product_id, quantity, unit_price, total_price) VALUES (364, 216, 62, 2, 43.69, 87.38);
INSERT INTO orders (id, invoice_number, customer_id, order_date, total_amount, payment_method, status) VALUES (217, 'INV-2026-0217', 14, '2025-12-16 01:23:00', 4.98, 'Net Banking', 'Paid');
  INSERT INTO order_items (id, order_id, product_id, quantity, unit_price, total_price) VALUES (365, 217, 92, 2, 2.49, 4.98);
INSERT INTO orders (id, invoice_number, customer_id, order_date, total_amount, payment_method, status) VALUES (218, 'INV-2026-0218', 11, '2025-09-15 08:04:00', 1186.76, 'Cash', 'Cancelled');
  INSERT INTO order_items (id, order_id, product_id, quantity, unit_price, total_price) VALUES (366, 218, 14, 3, 350.7, 1052.1);
  INSERT INTO order_items (id, order_id, product_id, quantity, unit_price, total_price) VALUES (367, 218, 42, 3, 9.09, 27.27);
  INSERT INTO order_items (id, order_id, product_id, quantity, unit_price, total_price) VALUES (368, 218, 65, 1, 107.39, 107.39);
INSERT INTO orders (id, invoice_number, customer_id, order_date, total_amount, payment_method, status) VALUES (219, 'INV-2026-0219', 22, '2026-03-08 13:08:00', 305.38, 'Net Banking', 'Paid');
  INSERT INTO order_items (id, order_id, product_id, quantity, unit_price, total_price) VALUES (369, 219, 16, 2, 152.69, 305.38);
INSERT INTO orders (id, invoice_number, customer_id, order_date, total_amount, payment_method, status) VALUES (220, 'INV-2026-0220', 3, '2025-09-25 10:31:00', 214.78, 'UPI', 'Paid');
  INSERT INTO order_items (id, order_id, product_id, quantity, unit_price, total_price) VALUES (370, 220, 65, 2, 107.39, 214.78);
INSERT INTO orders (id, invoice_number, customer_id, order_date, total_amount, payment_method, status) VALUES (221, 'INV-2026-0221', 29, '2025-09-19 15:16:00', 230.66, 'Cash', 'Paid');
  INSERT INTO order_items (id, order_id, product_id, quantity, unit_price, total_price) VALUES (371, 221, 5, 2, 115.33, 230.66);
INSERT INTO orders (id, invoice_number, customer_id, order_date, total_amount, payment_method, status) VALUES (222, 'INV-2026-0222', 37, '2025-11-27 13:33:00', 93.32, 'UPI', 'Cancelled');
  INSERT INTO order_items (id, order_id, product_id, quantity, unit_price, total_price) VALUES (372, 222, 23, 2, 5.6, 11.2);
  INSERT INTO order_items (id, order_id, product_id, quantity, unit_price, total_price) VALUES (373, 222, 80, 2, 27.71, 55.42);
  INSERT INTO order_items (id, order_id, product_id, quantity, unit_price, total_price) VALUES (374, 222, 94, 3, 8.9, 26.700000000000003);
INSERT INTO orders (id, invoice_number, customer_id, order_date, total_amount, payment_method, status) VALUES (223, 'INV-2026-0223', 6, '2026-06-18 07:18:00', 3.78, 'Cash', 'Cancelled');
  INSERT INTO order_items (id, order_id, product_id, quantity, unit_price, total_price) VALUES (375, 223, 95, 3, 1.26, 3.7800000000000002);
INSERT INTO orders (id, invoice_number, customer_id, order_date, total_amount, payment_method, status) VALUES (224, 'INV-2026-0224', 28, '2025-09-24 20:50:00', 40.86, 'Net Banking', 'Paid');
  INSERT INTO order_items (id, order_id, product_id, quantity, unit_price, total_price) VALUES (376, 224, 43, 3, 13.62, 40.86);
INSERT INTO orders (id, invoice_number, customer_id, order_date, total_amount, payment_method, status) VALUES (225, 'INV-2026-0225', 17, '2026-04-09 10:31:00', 239.23, 'UPI', 'Cancelled');
  INSERT INTO order_items (id, order_id, product_id, quantity, unit_price, total_price) VALUES (377, 225, 82, 3, 10.1, 30.299999999999997);
  INSERT INTO order_items (id, order_id, product_id, quantity, unit_price, total_price) VALUES (378, 225, 76, 3, 53.71, 161.13);
  INSERT INTO order_items (id, order_id, product_id, quantity, unit_price, total_price) VALUES (379, 225, 13, 2, 23.9, 47.8);
INSERT INTO orders (id, invoice_number, customer_id, order_date, total_amount, payment_method, status) VALUES (226, 'INV-2026-0226', 34, '2026-01-31 11:22:00', 23.92, 'Net Banking', 'Cancelled');
  INSERT INTO order_items (id, order_id, product_id, quantity, unit_price, total_price) VALUES (380, 226, 56, 2, 11.96, 23.92);
INSERT INTO orders (id, invoice_number, customer_id, order_date, total_amount, payment_method, status) VALUES (227, 'INV-2026-0227', 19, '2025-11-16 07:42:00', 58.36, 'Cash', 'Pending');
  INSERT INTO order_items (id, order_id, product_id, quantity, unit_price, total_price) VALUES (381, 227, 64, 1, 42.33, 42.33);
  INSERT INTO order_items (id, order_id, product_id, quantity, unit_price, total_price) VALUES (382, 227, 42, 1, 9.09, 9.09);
  INSERT INTO order_items (id, order_id, product_id, quantity, unit_price, total_price) VALUES (383, 227, 38, 2, 3.47, 6.94);
INSERT INTO orders (id, invoice_number, customer_id, order_date, total_amount, payment_method, status) VALUES (228, 'INV-2026-0228', 10, '2026-03-19 11:57:00', 3.74, 'Card', 'Paid');
  INSERT INTO order_items (id, order_id, product_id, quantity, unit_price, total_price) VALUES (384, 228, 32, 1, 3.74, 3.74);
INSERT INTO orders (id, invoice_number, customer_id, order_date, total_amount, payment_method, status) VALUES (229, 'INV-2026-0229', 9, '2026-02-02 22:48:00', 32.25, 'Net Banking', 'Pending');
  INSERT INTO order_items (id, order_id, product_id, quantity, unit_price, total_price) VALUES (385, 229, 97, 3, 10.75, 32.25);
INSERT INTO orders (id, invoice_number, customer_id, order_date, total_amount, payment_method, status) VALUES (230, 'INV-2026-0230', 32, '2026-02-18 04:27:00', 459.71, 'UPI', 'Pending');
  INSERT INTO order_items (id, order_id, product_id, quantity, unit_price, total_price) VALUES (386, 230, 34, 1, 10.97, 10.97);
  INSERT INTO order_items (id, order_id, product_id, quantity, unit_price, total_price) VALUES (387, 230, 12, 1, 441.27, 441.27);
  INSERT INTO order_items (id, order_id, product_id, quantity, unit_price, total_price) VALUES (388, 230, 92, 3, 2.49, 7.470000000000001);
INSERT INTO orders (id, invoice_number, customer_id, order_date, total_amount, payment_method, status) VALUES (231, 'INV-2026-0231', 4, '2026-04-22 00:00:00', 55.42, 'UPI', 'Cancelled');
  INSERT INTO order_items (id, order_id, product_id, quantity, unit_price, total_price) VALUES (389, 231, 80, 2, 27.71, 55.42);
INSERT INTO orders (id, invoice_number, customer_id, order_date, total_amount, payment_method, status) VALUES (232, 'INV-2026-0232', 4, '2026-01-01 16:03:00', 3726.52, 'Cash', 'Pending');
  INSERT INTO order_items (id, order_id, product_id, quantity, unit_price, total_price) VALUES (390, 232, 1, 3, 1237.08, 3711.24);
  INSERT INTO order_items (id, order_id, product_id, quantity, unit_price, total_price) VALUES (391, 232, 86, 1, 6.86, 6.86);
  INSERT INTO order_items (id, order_id, product_id, quantity, unit_price, total_price) VALUES (392, 232, 24, 2, 4.21, 8.42);
INSERT INTO orders (id, invoice_number, customer_id, order_date, total_amount, payment_method, status) VALUES (233, 'INV-2026-0233', 39, '2026-07-02 07:21:00', 314.88, 'Card', 'Paid');
  INSERT INTO order_items (id, order_id, product_id, quantity, unit_price, total_price) VALUES (393, 233, 9, 2, 115.77, 231.54);
  INSERT INTO order_items (id, order_id, product_id, quantity, unit_price, total_price) VALUES (394, 233, 63, 1, 53.04, 53.04);
  INSERT INTO order_items (id, order_id, product_id, quantity, unit_price, total_price) VALUES (395, 233, 82, 3, 10.1, 30.299999999999997);
INSERT INTO orders (id, invoice_number, customer_id, order_date, total_amount, payment_method, status) VALUES (234, 'INV-2026-0234', 41, '2025-11-26 04:30:00', 62.79, 'UPI', 'Pending');
  INSERT INTO order_items (id, order_id, product_id, quantity, unit_price, total_price) VALUES (396, 234, 20, 1, 62.79, 62.79);
INSERT INTO orders (id, invoice_number, customer_id, order_date, total_amount, payment_method, status) VALUES (235, 'INV-2026-0235', 28, '2025-10-25 20:48:00', 1056.94, 'Net Banking', 'Paid');
  INSERT INTO order_items (id, order_id, product_id, quantity, unit_price, total_price) VALUES (397, 235, 2, 1, 1056.94, 1056.94);
INSERT INTO orders (id, invoice_number, customer_id, order_date, total_amount, payment_method, status) VALUES (236, 'INV-2026-0236', 26, '2025-08-29 05:36:00', 372.13, 'Card', 'Paid');
  INSERT INTO order_items (id, order_id, product_id, quantity, unit_price, total_price) VALUES (398, 236, 10, 1, 372.13, 372.13);
INSERT INTO orders (id, invoice_number, customer_id, order_date, total_amount, payment_method, status) VALUES (237, 'INV-2026-0237', 14, '2026-04-30 13:32:00', 60.18, 'Cash', 'Pending');
  INSERT INTO order_items (id, order_id, product_id, quantity, unit_price, total_price) VALUES (399, 237, 99, 3, 20.06, 60.17999999999999);
INSERT INTO orders (id, invoice_number, customer_id, order_date, total_amount, payment_method, status) VALUES (238, 'INV-2026-0238', 42, '2025-12-12 23:07:00', 10.34, 'Cash', 'Pending');
  INSERT INTO order_items (id, order_id, product_id, quantity, unit_price, total_price) VALUES (400, 238, 21, 2, 5.17, 10.34);
INSERT INTO orders (id, invoice_number, customer_id, order_date, total_amount, payment_method, status) VALUES (239, 'INV-2026-0239', 40, '2026-04-21 16:40:00', 85.68, 'UPI', 'Cancelled');
  INSERT INTO order_items (id, order_id, product_id, quantity, unit_price, total_price) VALUES (401, 239, 73, 3, 28.56, 85.67999999999999);
INSERT INTO orders (id, invoice_number, customer_id, order_date, total_amount, payment_method, status) VALUES (240, 'INV-2026-0240', 21, '2026-05-28 17:18:00', 27.56, 'Net Banking', 'Paid');
  INSERT INTO order_items (id, order_id, product_id, quantity, unit_price, total_price) VALUES (402, 240, 69, 2, 13.78, 27.56);
INSERT INTO orders (id, invoice_number, customer_id, order_date, total_amount, payment_method, status) VALUES (241, 'INV-2026-0241', 13, '2025-12-11 01:12:00', 25.98, 'Card', 'Cancelled');
  INSERT INTO order_items (id, order_id, product_id, quantity, unit_price, total_price) VALUES (403, 241, 91, 2, 12.99, 25.98);
INSERT INTO orders (id, invoice_number, customer_id, order_date, total_amount, payment_method, status) VALUES (242, 'INV-2026-0242', 19, '2026-06-23 00:17:00', 107.39, 'Cash', 'Paid');
  INSERT INTO order_items (id, order_id, product_id, quantity, unit_price, total_price) VALUES (404, 242, 65, 1, 107.39, 107.39);
INSERT INTO orders (id, invoice_number, customer_id, order_date, total_amount, payment_method, status) VALUES (243, 'INV-2026-0243', 40, '2025-10-06 13:29:00', 199.89, 'UPI', 'Pending');
  INSERT INTO order_items (id, order_id, product_id, quantity, unit_price, total_price) VALUES (405, 243, 82, 2, 10.1, 20.2);
  INSERT INTO order_items (id, order_id, product_id, quantity, unit_price, total_price) VALUES (406, 243, 76, 3, 53.71, 161.13);
  INSERT INTO order_items (id, order_id, product_id, quantity, unit_price, total_price) VALUES (407, 243, 46, 2, 9.28, 18.56);
INSERT INTO orders (id, invoice_number, customer_id, order_date, total_amount, payment_method, status) VALUES (244, 'INV-2026-0244', 45, '2026-01-26 23:45:00', 1386.46, 'Card', 'Pending');
  INSERT INTO order_items (id, order_id, product_id, quantity, unit_price, total_price) VALUES (408, 244, 70, 2, 17.1, 34.2);
  INSERT INTO order_items (id, order_id, product_id, quantity, unit_price, total_price) VALUES (409, 244, 66, 2, 57.59, 115.18);
  INSERT INTO order_items (id, order_id, product_id, quantity, unit_price, total_price) VALUES (410, 244, 1, 1, 1237.08, 1237.08);
INSERT INTO orders (id, invoice_number, customer_id, order_date, total_amount, payment_method, status) VALUES (245, 'INV-2026-0245', 34, '2026-06-13 04:17:00', 540.56, 'Cash', 'Paid');
  INSERT INTO order_items (id, order_id, product_id, quantity, unit_price, total_price) VALUES (411, 245, 19, 2, 85.96, 171.92);
  INSERT INTO order_items (id, order_id, product_id, quantity, unit_price, total_price) VALUES (412, 245, 49, 3, 15.49, 46.47);
  INSERT INTO order_items (id, order_id, product_id, quantity, unit_price, total_price) VALUES (413, 245, 65, 3, 107.39, 322.17);
INSERT INTO orders (id, invoice_number, customer_id, order_date, total_amount, payment_method, status) VALUES (246, 'INV-2026-0246', 11, '2026-01-27 19:42:00', 22.3, 'Cash', 'Paid');
  INSERT INTO order_items (id, order_id, product_id, quantity, unit_price, total_price) VALUES (414, 246, 55, 2, 11.15, 22.3);
INSERT INTO orders (id, invoice_number, customer_id, order_date, total_amount, payment_method, status) VALUES (247, 'INV-2026-0247', 48, '2025-09-05 02:24:00', 9.76, 'Cash', 'Paid');
  INSERT INTO order_items (id, order_id, product_id, quantity, unit_price, total_price) VALUES (415, 247, 60, 2, 4.88, 9.76);
INSERT INTO orders (id, invoice_number, customer_id, order_date, total_amount, payment_method, status) VALUES (248, 'INV-2026-0248', 40, '2026-03-31 13:59:00', 458.07, 'UPI', 'Paid');
  INSERT INTO order_items (id, order_id, product_id, quantity, unit_price, total_price) VALUES (416, 248, 16, 3, 152.69, 458.07);
INSERT INTO orders (id, invoice_number, customer_id, order_date, total_amount, payment_method, status) VALUES (249, 'INV-2026-0249', 22, '2026-06-18 08:48:00', 16.51, 'Card', 'Paid');
  INSERT INTO order_items (id, order_id, product_id, quantity, unit_price, total_price) VALUES (417, 249, 79, 1, 16.51, 16.51);
INSERT INTO orders (id, invoice_number, customer_id, order_date, total_amount, payment_method, status) VALUES (250, 'INV-2026-0250', 47, '2025-11-27 17:42:00', 20.96, 'Net Banking', 'Paid');
  INSERT INTO order_items (id, order_id, product_id, quantity, unit_price, total_price) VALUES (418, 250, 98, 1, 20.96, 20.96);
INSERT INTO orders (id, invoice_number, customer_id, order_date, total_amount, payment_method, status) VALUES (251, 'INV-2026-0251', 49, '2026-05-04 21:54:00', 3.92, 'Net Banking', 'Paid');
  INSERT INTO order_items (id, order_id, product_id, quantity, unit_price, total_price) VALUES (419, 251, 36, 2, 1.96, 3.92);
INSERT INTO orders (id, invoice_number, customer_id, order_date, total_amount, payment_method, status) VALUES (252, 'INV-2026-0252', 10, '2025-08-14 03:55:00', 18.6, 'Card', 'Paid');
  INSERT INTO order_items (id, order_id, product_id, quantity, unit_price, total_price) VALUES (420, 252, 85, 3, 6.2, 18.6);
INSERT INTO orders (id, invoice_number, customer_id, order_date, total_amount, payment_method, status) VALUES (253, 'INV-2026-0253', 16, '2025-08-23 13:22:00', 112.26, 'Net Banking', 'Paid');
  INSERT INTO order_items (id, order_id, product_id, quantity, unit_price, total_price) VALUES (421, 253, 89, 1, 17.82, 17.82);
  INSERT INTO order_items (id, order_id, product_id, quantity, unit_price, total_price) VALUES (422, 253, 50, 3, 13.55, 40.650000000000006);
  INSERT INTO order_items (id, order_id, product_id, quantity, unit_price, total_price) VALUES (423, 253, 57, 3, 17.93, 53.79);
INSERT INTO orders (id, invoice_number, customer_id, order_date, total_amount, payment_method, status) VALUES (254, 'INV-2026-0254', 28, '2026-04-14 12:27:00', 316.69, 'Net Banking', 'Paid');
  INSERT INTO order_items (id, order_id, product_id, quantity, unit_price, total_price) VALUES (424, 254, 67, 1, 28.41, 28.41);
  INSERT INTO order_items (id, order_id, product_id, quantity, unit_price, total_price) VALUES (425, 254, 23, 2, 5.6, 11.2);
  INSERT INTO order_items (id, order_id, product_id, quantity, unit_price, total_price) VALUES (426, 254, 15, 3, 92.36, 277.08);
INSERT INTO orders (id, invoice_number, customer_id, order_date, total_amount, payment_method, status) VALUES (255, 'INV-2026-0255', 23, '2025-10-02 10:38:00', 131.07, 'UPI', 'Pending');
  INSERT INTO order_items (id, order_id, product_id, quantity, unit_price, total_price) VALUES (427, 255, 62, 3, 43.69, 131.07);
INSERT INTO orders (id, invoice_number, customer_id, order_date, total_amount, payment_method, status) VALUES (256, 'INV-2026-0256', 9, '2026-02-08 13:14:00', 18.56, 'UPI', 'Paid');
  INSERT INTO order_items (id, order_id, product_id, quantity, unit_price, total_price) VALUES (428, 256, 46, 2, 9.28, 18.56);
INSERT INTO orders (id, invoice_number, customer_id, order_date, total_amount, payment_method, status) VALUES (257, 'INV-2026-0257', 25, '2026-05-15 16:08:00', 18.56, 'Card', 'Paid');
  INSERT INTO order_items (id, order_id, product_id, quantity, unit_price, total_price) VALUES (429, 257, 46, 2, 9.28, 18.56);
INSERT INTO orders (id, invoice_number, customer_id, order_date, total_amount, payment_method, status) VALUES (258, 'INV-2026-0258', 10, '2025-09-15 15:51:00', 83.43, 'Cash', 'Cancelled');
  INSERT INTO order_items (id, order_id, product_id, quantity, unit_price, total_price) VALUES (430, 258, 89, 3, 17.82, 53.46);
  INSERT INTO order_items (id, order_id, product_id, quantity, unit_price, total_price) VALUES (431, 258, 47, 3, 5.55, 16.65);
  INSERT INTO order_items (id, order_id, product_id, quantity, unit_price, total_price) VALUES (432, 258, 30, 3, 4.44, 13.32);
INSERT INTO orders (id, invoice_number, customer_id, order_date, total_amount, payment_method, status) VALUES (259, 'INV-2026-0259', 23, '2025-08-29 13:22:00', 13.23, 'Card', 'Cancelled');
  INSERT INTO order_items (id, order_id, product_id, quantity, unit_price, total_price) VALUES (433, 259, 48, 3, 4.41, 13.23);
INSERT INTO orders (id, invoice_number, customer_id, order_date, total_amount, payment_method, status) VALUES (260, 'INV-2026-0260', 41, '2026-01-03 07:42:00', 115.77, 'Cash', 'Paid');
  INSERT INTO order_items (id, order_id, product_id, quantity, unit_price, total_price) VALUES (434, 260, 9, 1, 115.77, 115.77);
INSERT INTO orders (id, invoice_number, customer_id, order_date, total_amount, payment_method, status) VALUES (261, 'INV-2026-0261', 32, '2025-09-09 00:24:00', 56.82, 'UPI', 'Pending');
  INSERT INTO order_items (id, order_id, product_id, quantity, unit_price, total_price) VALUES (435, 261, 67, 2, 28.41, 56.82);
INSERT INTO orders (id, invoice_number, customer_id, order_date, total_amount, payment_method, status) VALUES (262, 'INV-2026-0262', 9, '2025-10-01 11:45:00', 2599.19, 'Card', 'Paid');
  INSERT INTO order_items (id, order_id, product_id, quantity, unit_price, total_price) VALUES (436, 262, 7, 2, 954.69, 1909.38);
  INSERT INTO order_items (id, order_id, product_id, quantity, unit_price, total_price) VALUES (437, 262, 25, 2, 12.1, 24.2);
  INSERT INTO order_items (id, order_id, product_id, quantity, unit_price, total_price) VALUES (438, 262, 17, 3, 221.87, 665.61);
INSERT INTO orders (id, invoice_number, customer_id, order_date, total_amount, payment_method, status) VALUES (263, 'INV-2026-0263', 35, '2026-03-03 06:52:00', 32.58, 'Cash', 'Cancelled');
  INSERT INTO order_items (id, order_id, product_id, quantity, unit_price, total_price) VALUES (439, 263, 72, 1, 32.58, 32.58);
INSERT INTO orders (id, invoice_number, customer_id, order_date, total_amount, payment_method, status) VALUES (264, 'INV-2026-0264', 13, '2025-11-03 07:19:00', 101.51, 'Card', 'Paid');
  INSERT INTO order_items (id, order_id, product_id, quantity, unit_price, total_price) VALUES (440, 264, 84, 1, 5.49, 5.49);
  INSERT INTO order_items (id, order_id, product_id, quantity, unit_price, total_price) VALUES (441, 264, 71, 1, 55.37, 55.37);
  INSERT INTO order_items (id, order_id, product_id, quantity, unit_price, total_price) VALUES (442, 264, 50, 3, 13.55, 40.650000000000006);
INSERT INTO orders (id, invoice_number, customer_id, order_date, total_amount, payment_method, status) VALUES (265, 'INV-2026-0265', 16, '2026-05-02 15:31:00', 45.17, 'Net Banking', 'Paid');
  INSERT INTO order_items (id, order_id, product_id, quantity, unit_price, total_price) VALUES (443, 265, 84, 1, 5.49, 5.49);
  INSERT INTO order_items (id, order_id, product_id, quantity, unit_price, total_price) VALUES (444, 265, 58, 1, 22.88, 22.88);
  INSERT INTO order_items (id, order_id, product_id, quantity, unit_price, total_price) VALUES (445, 265, 23, 3, 5.6, 16.799999999999997);
INSERT INTO orders (id, invoice_number, customer_id, order_date, total_amount, payment_method, status) VALUES (266, 'INV-2026-0266', 25, '2026-04-23 10:00:00', 173.77, 'Cash', 'Pending');
  INSERT INTO order_items (id, order_id, product_id, quantity, unit_price, total_price) VALUES (446, 266, 46, 2, 9.28, 18.56);
  INSERT INTO order_items (id, order_id, product_id, quantity, unit_price, total_price) VALUES (447, 266, 95, 2, 1.26, 2.52);
  INSERT INTO order_items (id, order_id, product_id, quantity, unit_price, total_price) VALUES (448, 266, 16, 1, 152.69, 152.69);
INSERT INTO orders (id, invoice_number, customer_id, order_date, total_amount, payment_method, status) VALUES (267, 'INV-2026-0267', 19, '2026-01-25 05:41:00', 1124.91, 'Net Banking', 'Cancelled');
  INSERT INTO order_items (id, order_id, product_id, quantity, unit_price, total_price) VALUES (449, 267, 52, 2, 16.19, 32.38);
  INSERT INTO order_items (id, order_id, product_id, quantity, unit_price, total_price) VALUES (450, 267, 4, 3, 354.97, 1064.91);
  INSERT INTO order_items (id, order_id, product_id, quantity, unit_price, total_price) VALUES (451, 267, 26, 2, 13.81, 27.62);
INSERT INTO orders (id, invoice_number, customer_id, order_date, total_amount, payment_method, status) VALUES (268, 'INV-2026-0268', 41, '2025-07-31 04:04:00', 21.86, 'Card', 'Paid');
  INSERT INTO order_items (id, order_id, product_id, quantity, unit_price, total_price) VALUES (452, 268, 78, 1, 21.86, 21.86);
INSERT INTO orders (id, invoice_number, customer_id, order_date, total_amount, payment_method, status) VALUES (269, 'INV-2026-0269', 18, '2026-04-20 20:59:00', 10.75, 'Net Banking', 'Paid');
  INSERT INTO order_items (id, order_id, product_id, quantity, unit_price, total_price) VALUES (453, 269, 97, 1, 10.75, 10.75);
INSERT INTO orders (id, invoice_number, customer_id, order_date, total_amount, payment_method, status) VALUES (270, 'INV-2026-0270', 27, '2025-07-31 14:54:00', 65.2, 'UPI', 'Pending');
  INSERT INTO order_items (id, order_id, product_id, quantity, unit_price, total_price) VALUES (454, 270, 75, 2, 32.6, 65.2);
INSERT INTO orders (id, invoice_number, customer_id, order_date, total_amount, payment_method, status) VALUES (271, 'INV-2026-0271', 3, '2026-01-06 11:43:00', 14.16, 'Card', 'Pending');
  INSERT INTO order_items (id, order_id, product_id, quantity, unit_price, total_price) VALUES (455, 271, 37, 3, 4.72, 14.16);
INSERT INTO orders (id, invoice_number, customer_id, order_date, total_amount, payment_method, status) VALUES (272, 'INV-2026-0272', 5, '2026-01-24 17:26:00', 1096.2, 'Cash', 'Pending');
  INSERT INTO order_items (id, order_id, product_id, quantity, unit_price, total_price) VALUES (456, 272, 36, 3, 1.96, 5.88);
  INSERT INTO order_items (id, order_id, product_id, quantity, unit_price, total_price) VALUES (457, 272, 2, 1, 1056.94, 1056.94);
  INSERT INTO order_items (id, order_id, product_id, quantity, unit_price, total_price) VALUES (458, 272, 68, 1, 33.38, 33.38);
INSERT INTO orders (id, invoice_number, customer_id, order_date, total_amount, payment_method, status) VALUES (273, 'INV-2026-0273', 4, '2026-02-23 01:42:00', 2521.64, 'Cash', 'Paid');
  INSERT INTO order_items (id, order_id, product_id, quantity, unit_price, total_price) VALUES (459, 273, 1, 2, 1237.08, 2474.16);
  INSERT INTO order_items (id, order_id, product_id, quantity, unit_price, total_price) VALUES (460, 273, 78, 2, 21.86, 43.72);
  INSERT INTO order_items (id, order_id, product_id, quantity, unit_price, total_price) VALUES (461, 273, 35, 1, 3.76, 3.76);
INSERT INTO orders (id, invoice_number, customer_id, order_date, total_amount, payment_method, status) VALUES (274, 'INV-2026-0274', 49, '2025-09-13 10:36:00', 48.57, 'UPI', 'Paid');
  INSERT INTO order_items (id, order_id, product_id, quantity, unit_price, total_price) VALUES (462, 274, 52, 3, 16.19, 48.57000000000001);
INSERT INTO orders (id, invoice_number, customer_id, order_date, total_amount, payment_method, status) VALUES (275, 'INV-2026-0275', 15, '2025-07-25 19:23:00', 13.32, 'Net Banking', 'Cancelled');
  INSERT INTO order_items (id, order_id, product_id, quantity, unit_price, total_price) VALUES (463, 275, 30, 3, 4.44, 13.32);
INSERT INTO orders (id, invoice_number, customer_id, order_date, total_amount, payment_method, status) VALUES (276, 'INV-2026-0276', 21, '2025-10-18 21:23:00', 3.78, 'UPI', 'Pending');
  INSERT INTO order_items (id, order_id, product_id, quantity, unit_price, total_price) VALUES (464, 276, 95, 3, 1.26, 3.7800000000000002);
INSERT INTO orders (id, invoice_number, customer_id, order_date, total_amount, payment_method, status) VALUES (277, 'INV-2026-0277', 35, '2026-02-27 18:05:00', 8.42, 'UPI', 'Paid');
  INSERT INTO order_items (id, order_id, product_id, quantity, unit_price, total_price) VALUES (465, 277, 24, 2, 4.21, 8.42);
INSERT INTO orders (id, invoice_number, customer_id, order_date, total_amount, payment_method, status) VALUES (278, 'INV-2026-0278', 21, '2026-03-24 12:28:00', 53.97, 'Card', 'Paid');
  INSERT INTO order_items (id, order_id, product_id, quantity, unit_price, total_price) VALUES (466, 278, 43, 3, 13.62, 40.86);
  INSERT INTO order_items (id, order_id, product_id, quantity, unit_price, total_price) VALUES (467, 278, 55, 1, 11.15, 11.15);
  INSERT INTO order_items (id, order_id, product_id, quantity, unit_price, total_price) VALUES (468, 278, 36, 1, 1.96, 1.96);
INSERT INTO orders (id, invoice_number, customer_id, order_date, total_amount, payment_method, status) VALUES (279, 'INV-2026-0279', 28, '2025-08-11 16:39:00', 27.71, 'UPI', 'Paid');
  INSERT INTO order_items (id, order_id, product_id, quantity, unit_price, total_price) VALUES (469, 279, 80, 1, 27.71, 27.71);
INSERT INTO orders (id, invoice_number, customer_id, order_date, total_amount, payment_method, status) VALUES (280, 'INV-2026-0280', 31, '2026-02-22 05:30:00', 66.76, 'Net Banking', 'Cancelled');
  INSERT INTO order_items (id, order_id, product_id, quantity, unit_price, total_price) VALUES (470, 280, 68, 2, 33.38, 66.76);
INSERT INTO orders (id, invoice_number, customer_id, order_date, total_amount, payment_method, status) VALUES (281, 'INV-2026-0281', 8, '2026-04-15 03:00:00', 24.9, 'Card', 'Paid');
  INSERT INTO order_items (id, order_id, product_id, quantity, unit_price, total_price) VALUES (471, 281, 54, 2, 12.45, 24.9);
INSERT INTO orders (id, invoice_number, customer_id, order_date, total_amount, payment_method, status) VALUES (282, 'INV-2026-0282', 7, '2026-05-16 18:53:00', 17.15, 'UPI', 'Paid');
  INSERT INTO order_items (id, order_id, product_id, quantity, unit_price, total_price) VALUES (472, 282, 61, 1, 17.15, 17.15);
INSERT INTO orders (id, invoice_number, customer_id, order_date, total_amount, payment_method, status) VALUES (283, 'INV-2026-0283', 48, '2026-05-13 13:21:00', 1.83, 'UPI', 'Paid');
  INSERT INTO order_items (id, order_id, product_id, quantity, unit_price, total_price) VALUES (473, 283, 90, 1, 1.83, 1.83);
INSERT INTO orders (id, invoice_number, customer_id, order_date, total_amount, payment_method, status) VALUES (284, 'INV-2026-0284', 12, '2025-10-16 18:53:00', 4.44, 'Card', 'Paid');
  INSERT INTO order_items (id, order_id, product_id, quantity, unit_price, total_price) VALUES (474, 284, 30, 1, 4.44, 4.44);
INSERT INTO orders (id, invoice_number, customer_id, order_date, total_amount, payment_method, status) VALUES (285, 'INV-2026-0285', 19, '2026-06-27 07:07:00', 115.33, 'Net Banking', 'Paid');
  INSERT INTO order_items (id, order_id, product_id, quantity, unit_price, total_price) VALUES (475, 285, 5, 1, 115.33, 115.33);
INSERT INTO orders (id, invoice_number, customer_id, order_date, total_amount, payment_method, status) VALUES (286, 'INV-2026-0286', 11, '2026-05-04 18:31:00', 27.69, 'Net Banking', 'Cancelled');
  INSERT INTO order_items (id, order_id, product_id, quantity, unit_price, total_price) VALUES (476, 286, 100, 3, 9.23, 27.69);
INSERT INTO orders (id, invoice_number, customer_id, order_date, total_amount, payment_method, status) VALUES (287, 'INV-2026-0287', 21, '2025-09-27 11:28:00', 47.77, 'Net Banking', 'Paid');
  INSERT INTO order_items (id, order_id, product_id, quantity, unit_price, total_price) VALUES (477, 287, 79, 2, 16.51, 33.02);
  INSERT INTO order_items (id, order_id, product_id, quantity, unit_price, total_price) VALUES (478, 287, 35, 3, 3.76, 11.28);
  INSERT INTO order_items (id, order_id, product_id, quantity, unit_price, total_price) VALUES (479, 287, 38, 1, 3.47, 3.47);
INSERT INTO orders (id, invoice_number, customer_id, order_date, total_amount, payment_method, status) VALUES (288, 'INV-2026-0288', 47, '2026-02-25 10:14:00', 21.94, 'Card', 'Pending');
  INSERT INTO order_items (id, order_id, product_id, quantity, unit_price, total_price) VALUES (480, 288, 34, 2, 10.97, 21.94);
INSERT INTO orders (id, invoice_number, customer_id, order_date, total_amount, payment_method, status) VALUES (289, 'INV-2026-0289', 4, '2025-08-16 15:27:00', 2.52, 'Card', 'Paid');
  INSERT INTO order_items (id, order_id, product_id, quantity, unit_price, total_price) VALUES (481, 289, 95, 2, 1.26, 2.52);
INSERT INTO orders (id, invoice_number, customer_id, order_date, total_amount, payment_method, status) VALUES (290, 'INV-2026-0290', 43, '2026-02-09 11:06:00', 8.88, 'Net Banking', 'Paid');
  INSERT INTO order_items (id, order_id, product_id, quantity, unit_price, total_price) VALUES (482, 290, 30, 2, 4.44, 8.88);
INSERT INTO orders (id, invoice_number, customer_id, order_date, total_amount, payment_method, status) VALUES (291, 'INV-2026-0291', 39, '2026-01-25 00:48:00', 3711.24, 'Card', 'Paid');
  INSERT INTO order_items (id, order_id, product_id, quantity, unit_price, total_price) VALUES (483, 291, 1, 3, 1237.08, 3711.24);
INSERT INTO orders (id, invoice_number, customer_id, order_date, total_amount, payment_method, status) VALUES (292, 'INV-2026-0292', 30, '2025-07-31 07:46:00', 65.16, 'Net Banking', 'Paid');
  INSERT INTO order_items (id, order_id, product_id, quantity, unit_price, total_price) VALUES (484, 292, 72, 2, 32.58, 65.16);
INSERT INTO orders (id, invoice_number, customer_id, order_date, total_amount, payment_method, status) VALUES (293, 'INV-2026-0293', 46, '2025-08-17 03:40:00', 3182.76, 'Card', 'Paid');
  INSERT INTO order_items (id, order_id, product_id, quantity, unit_price, total_price) VALUES (485, 293, 22, 1, 3.12, 3.12);
  INSERT INTO order_items (id, order_id, product_id, quantity, unit_price, total_price) VALUES (486, 293, 48, 2, 4.41, 8.82);
  INSERT INTO order_items (id, order_id, product_id, quantity, unit_price, total_price) VALUES (487, 293, 2, 3, 1056.94, 3170.82);
INSERT INTO orders (id, invoice_number, customer_id, order_date, total_amount, payment_method, status) VALUES (294, 'INV-2026-0294', 43, '2026-05-17 19:38:00', 1237.08, 'Net Banking', 'Paid');
  INSERT INTO order_items (id, order_id, product_id, quantity, unit_price, total_price) VALUES (488, 294, 1, 1, 1237.08, 1237.08);
INSERT INTO orders (id, invoice_number, customer_id, order_date, total_amount, payment_method, status) VALUES (295, 'INV-2026-0295', 34, '2025-08-19 01:01:00', 32.91, 'UPI', 'Paid');
  INSERT INTO order_items (id, order_id, product_id, quantity, unit_price, total_price) VALUES (489, 295, 34, 3, 10.97, 32.910000000000004);
INSERT INTO orders (id, invoice_number, customer_id, order_date, total_amount, payment_method, status) VALUES (296, 'INV-2026-0296', 21, '2025-12-19 14:34:00', 21.94, 'UPI', 'Paid');
  INSERT INTO order_items (id, order_id, product_id, quantity, unit_price, total_price) VALUES (490, 296, 34, 2, 10.97, 21.94);
INSERT INTO orders (id, invoice_number, customer_id, order_date, total_amount, payment_method, status) VALUES (297, 'INV-2026-0297', 19, '2026-04-12 15:20:00', 37.49, 'Cash', 'Cancelled');
  INSERT INTO order_items (id, order_id, product_id, quantity, unit_price, total_price) VALUES (491, 297, 92, 3, 2.49, 7.470000000000001);
  INSERT INTO order_items (id, order_id, product_id, quantity, unit_price, total_price) VALUES (492, 297, 29, 1, 8.18, 8.18);
  INSERT INTO order_items (id, order_id, product_id, quantity, unit_price, total_price) VALUES (493, 297, 81, 3, 7.28, 21.84);
INSERT INTO orders (id, invoice_number, customer_id, order_date, total_amount, payment_method, status) VALUES (298, 'INV-2026-0298', 10, '2026-03-29 03:11:00', 108.73, 'Net Banking', 'Paid');
  INSERT INTO order_items (id, order_id, product_id, quantity, unit_price, total_price) VALUES (494, 298, 61, 3, 17.15, 51.449999999999996);
  INSERT INTO order_items (id, order_id, product_id, quantity, unit_price, total_price) VALUES (495, 298, 68, 1, 33.38, 33.38);
  INSERT INTO order_items (id, order_id, product_id, quantity, unit_price, total_price) VALUES (496, 298, 13, 1, 23.9, 23.9);
INSERT INTO orders (id, invoice_number, customer_id, order_date, total_amount, payment_method, status) VALUES (299, 'INV-2026-0299', 43, '2026-03-02 15:58:00', 4.88, 'Cash', 'Cancelled');
  INSERT INTO order_items (id, order_id, product_id, quantity, unit_price, total_price) VALUES (497, 299, 60, 1, 4.88, 4.88);
INSERT INTO orders (id, invoice_number, customer_id, order_date, total_amount, payment_method, status) VALUES (300, 'INV-2026-0300', 34, '2026-03-10 05:11:00', 27.21, 'UPI', 'Paid');
  INSERT INTO order_items (id, order_id, product_id, quantity, unit_price, total_price) VALUES (498, 300, 38, 1, 3.47, 3.47);
  INSERT INTO order_items (id, order_id, product_id, quantity, unit_price, total_price) VALUES (499, 300, 88, 2, 8.77, 17.54);
  INSERT INTO order_items (id, order_id, product_id, quantity, unit_price, total_price) VALUES (500, 300, 85, 1, 6.2, 6.2);

-- Update Customer Purchases
UPDATE customers SET total_purchases = 1315.70 WHERE id = 1;
UPDATE customers SET total_purchases = 1618.01 WHERE id = 2;
UPDATE customers SET total_purchases = 518.22 WHERE id = 3;
UPDATE customers SET total_purchases = 2738.30 WHERE id = 4;
UPDATE customers SET total_purchases = 18.18 WHERE id = 5;
UPDATE customers SET total_purchases = 0.00 WHERE id = 6;
UPDATE customers SET total_purchases = 164.66 WHERE id = 7;
UPDATE customers SET total_purchases = 4049.92 WHERE id = 8;
UPDATE customers SET total_purchases = 2727.17 WHERE id = 9;
UPDATE customers SET total_purchases = 1275.34 WHERE id = 10;
UPDATE customers SET total_purchases = 1606.14 WHERE id = 11;
UPDATE customers SET total_purchases = 892.08 WHERE id = 12;
UPDATE customers SET total_purchases = 279.02 WHERE id = 13;
UPDATE customers SET total_purchases = 5662.47 WHERE id = 14;
UPDATE customers SET total_purchases = 452.43 WHERE id = 15;
UPDATE customers SET total_purchases = 709.85 WHERE id = 16;
UPDATE customers SET total_purchases = 15.51 WHERE id = 17;
UPDATE customers SET total_purchases = 116.36 WHERE id = 18;
UPDATE customers SET total_purchases = 361.72 WHERE id = 19;
UPDATE customers SET total_purchases = 443.74 WHERE id = 20;
UPDATE customers SET total_purchases = 393.03 WHERE id = 21;
UPDATE customers SET total_purchases = 498.40 WHERE id = 22;
UPDATE customers SET total_purchases = 2107.36 WHERE id = 23;
UPDATE customers SET total_purchases = 1409.70 WHERE id = 24;
UPDATE customers SET total_purchases = 143.08 WHERE id = 25;
UPDATE customers SET total_purchases = 1534.02 WHERE id = 26;
UPDATE customers SET total_purchases = 12.40 WHERE id = 27;
UPDATE customers SET total_purchases = 1534.24 WHERE id = 28;
UPDATE customers SET total_purchases = 420.11 WHERE id = 29;
UPDATE customers SET total_purchases = 265.88 WHERE id = 30;
UPDATE customers SET total_purchases = 234.79 WHERE id = 31;
UPDATE customers SET total_purchases = 14.92 WHERE id = 32;
UPDATE customers SET total_purchases = 9.76 WHERE id = 33;
UPDATE customers SET total_purchases = 760.59 WHERE id = 34;
UPDATE customers SET total_purchases = 1031.41 WHERE id = 35;
UPDATE customers SET total_purchases = 117.35 WHERE id = 36;
UPDATE customers SET total_purchases = 49.53 WHERE id = 37;
UPDATE customers SET total_purchases = 65.28 WHERE id = 38;
UPDATE customers SET total_purchases = 4275.27 WHERE id = 39;
UPDATE customers SET total_purchases = 906.98 WHERE id = 40;
UPDATE customers SET total_purchases = 3306.72 WHERE id = 41;
UPDATE customers SET total_purchases = 0.00 WHERE id = 42;
UPDATE customers SET total_purchases = 1277.44 WHERE id = 43;
UPDATE customers SET total_purchases = 24.25 WHERE id = 44;
UPDATE customers SET total_purchases = 119.37 WHERE id = 45;
UPDATE customers SET total_purchases = 3584.55 WHERE id = 46;
UPDATE customers SET total_purchases = 1192.44 WHERE id = 47;
UPDATE customers SET total_purchases = 54.94 WHERE id = 48;
UPDATE customers SET total_purchases = 456.29 WHERE id = 49;
UPDATE customers SET total_purchases = 16.11 WHERE id = 50;

-- Insert Notifications (Exactly 20)
INSERT INTO notifications (id, type, message, is_read, created_at) VALUES (1, 'invoice', 'Invoice INV-2026-0089 generated successfully.', 1, '2026-07-10 17:10:00');
INSERT INTO notifications (id, type, message, is_read, created_at) VALUES (2, 'low_stock', 'Low stock alert: Asus ROG Laptop is below minimum level.', 1, '2026-07-10 15:59:00');
INSERT INTO notifications (id, type, message, is_read, created_at) VALUES (3, 'payment', 'Payment of $1,420.00 received for Invoice INV-2026-0042.', 1, '2026-07-10 14:26:00');
INSERT INTO notifications (id, type, message, is_read, created_at) VALUES (4, 'customer', 'New customer "Radhika Gupta" registered successfully.', 1, '2026-07-10 12:33:00');
INSERT INTO notifications (id, type, message, is_read, created_at) VALUES (5, 'low_stock', 'Low stock alert: Organic Almond Milk is running low.', 1, '2026-07-10 11:08:00');
INSERT INTO notifications (id, type, message, is_read, created_at) VALUES (6, 'invoice', 'Invoice INV-2026-0156 generated for Kabir Kapoor.', 1, '2026-07-10 09:48:00');
INSERT INTO notifications (id, type, message, is_read, created_at) VALUES (7, 'payment', 'Payment of $450.00 received via UPI.', 1, '2026-07-10 08:18:00');
INSERT INTO notifications (id, type, message, is_read, created_at) VALUES (8, 'customer', 'New customer "Satya Nadella" added to dashboard.', 1, '2026-07-10 06:58:00');
INSERT INTO notifications (id, type, message, is_read, created_at) VALUES (9, 'low_stock', 'Low stock alert: Paracetamol 500mg stock is below 10.', 1, '2026-07-10 05:00:00');
INSERT INTO notifications (id, type, message, is_read, created_at) VALUES (10, 'invoice', 'Invoice INV-2026-0204 generated for Sanya Patel.', 1, '2026-07-10 03:50:00');
INSERT INTO notifications (id, type, message, is_read, created_at) VALUES (11, 'payment', 'Refund processed for Invoice INV-2026-0012 ($85.00).', 1, '2026-07-10 02:19:00');
INSERT INTO notifications (id, type, message, is_read, created_at) VALUES (12, 'low_stock', 'Low stock alert: Retractable Gel Pens (12 pack) is critical.', 1, '2026-07-10 00:37:00');
INSERT INTO notifications (id, type, message, is_read, created_at) VALUES (13, 'invoice', 'Invoice INV-2026-0277 generated for Vasanth Raveendran.', 0, '2026-07-09 23:02:00');
INSERT INTO notifications (id, type, message, is_read, created_at) VALUES (14, 'payment', 'Payment of $50.00 received for INV-2026-0210.', 0, '2026-07-09 21:58:00');
INSERT INTO notifications (id, type, message, is_read, created_at) VALUES (15, 'customer', 'New customer "Falguni Nayar" added.', 0, '2026-07-09 20:08:00');
INSERT INTO notifications (id, type, message, is_read, created_at) VALUES (16, 'low_stock', 'Low stock alert: Leather Belt Classic Buckle is low.', 0, '2026-07-09 18:51:00');
INSERT INTO notifications (id, type, message, is_read, created_at) VALUES (17, 'invoice', 'Invoice INV-2026-0299 generated for Aarav Sharma.', 0, '2026-07-09 17:12:00');
INSERT INTO notifications (id, type, message, is_read, created_at) VALUES (18, 'payment', 'Invoice INV-2026-0288 paid by credit card.', 0, '2026-07-09 15:43:00');
INSERT INTO notifications (id, type, message, is_read, created_at) VALUES (19, 'low_stock', 'Low stock alert: LG 27" UltraGear Monitor has only 2 units left.', 0, '2026-07-09 14:29:00');
INSERT INTO notifications (id, type, message, is_read, created_at) VALUES (20, 'customer', 'New customer "Sundar Pichai" profile created.', 0, '2026-07-09 12:33:00');
